player_name,team,position,age,raw_prediction
Aaron Rodgers,NYJ,QB,30,257.5675340559945
Adrian Martinez,NYJ,QB,30,130.1433267606758
Aidan O'Connell,LV,QB,30,242.39792742686086
Andrew Peasley,NYJ,QB,30,130.1433267606758
Andy Dalton,CAR,QB,30,242.39792742686086
Anthony Brown,BUF,QB,30,166.09113282341036
Anthony Richardson,IND,QB,30,242.39792742686086
Austin Reed,CHI,QB,30,130.1433267606758
Bailey Zappe,CLE,QB,30,234.29760680047966
Baker Mayfield,TB,QB,30,257.5675340559945
Ben DiNucci,NO,QB,30,239.26837013003484
Bo Nix,DEN,QB,30,257.5675340559945
Brandon Allen,SF,QB,30,248.10732746309617
Brett Rypien,MIN,QB,30,239.26837013003484
Brock Purdy,SF,QB,30,249.44852112646402
Bryce Young,CAR,QB,30,249.44852112646402
C.J. Beathard,JAX,QB,30,249.70028087522695
C.J. Stroud,HOU,QB,30,257.5675340559945
Caleb Williams,CHI,QB,30,257.5675340559945
Carson Wentz,KC,QB,30,187.4891790245232
Carter Bradley,LV,QB,30,130.1433267606758
Case Keenum,HOU,QB,30,210.06523501527747
Casey Bauman,LAC,QB,30,130.1433267606758
Chris Oladokun,KC,QB,30,213.78101504112675
Clayton Tune,ARI,QB,30,154.95337536162435
Cooper Rush,DAL,QB,30,249.44852112646402
Dak Prescott,DAL,QB,30,242.39792742686086
Daniel Jones,MIN,QB,30,242.39792742686086
Davis Mills,HOU,QB,30,239.26837013003484
Derek Carr,NO,QB,30,242.39792742686086
Deshaun Watson,CLE,QB,30,242.39792742686086
Desmond Ridder,LV,QB,30,245.95223123133013
Devin Leary,BAL,QB,30,130.1433267606758
Dorian Thompson-Robinson,CLE,QB,30,239.26837013003484
Drake Maye,NE,QB,30,249.44852112646402
Dresser Winn,LA,QB,30,130.1433267606758
Drew Lock,NYG,QB,30,242.39792742686086
E.J. Perry,JAX,QB,30,130.1433267606758
Easton Stick,LAC,QB,30,243.3214531660024
Emory Jones,ATL,QB,30,130.1433267606758
Gardner Minshew,LV,QB,30,242.39792742686086
Gavin Hardison,MIA,QB,30,130.1433267606758
Geno Smith,SEA,QB,30,257.5675340559945
Hendon Hooker,DET,QB,30,211.7016581388687
Ian Book,PHI,QB,30,253.14161792831922
J.J. McCarthy,MIN,QB,30,130.1433267606758
Jack Plummer,CAR,QB,30,130.1433267606758
Jacoby Brissett,NE,QB,30,245.95223123133013
Jake Browning,CIN,QB,30,105.84541725122197
Jake Fromm,DET,QB,30,249.70028087522695
Jake Haener,NO,QB,30,249.70028087522695
Jake Luton,LV,QB,30,245.95223123133013
Jalen Hurts,PHI,QB,30,257.5675340559945
Jameis Winston,CLE,QB,30,242.39792742686086
Jared Goff,DET,QB,30,257.5675340559945
Jaren Hall,SEA,QB,30,239.26837013003484
Jarrett Stidham,DEN,QB,30,259.7857644221816
Jason Bean,IND,QB,30,130.1433267606758
Jayden Daniels,WAS,QB,30,257.5675340559945
Jeff Driskel,WAS,QB,30,259.8254790296145
Jimmy Garoppolo,LA,QB,30,259.8254790296145
Joe Burrow,CIN,QB,30,257.5675340559945
Joe Flacco,IND,QB,30,242.39792742686086
Joe Milton III,NE,QB,30,263.5735286735113
John Paddock,ATL,QB,30,130.1433267606758
John Wolford,JAX,QB,30,249.70028087522695
Jordan Love,GB,QB,30,253.57341021981892
Jordan Travis,NYJ,QB,30,130.1433267606758
Josh Allen,BUF,QB,30,257.5675340559945
Josh Johnson,BAL,QB,30,152.92428348123042
Joshua Dobbs,SF,QB,30,245.95223123133013
Justin Fields,PIT,QB,30,242.39792742686086
Justin Herbert,LAC,QB,30,257.5675340559945
Kedon Slovis,HOU,QB,30,130.1433267606758
Kenny Pickett,PHI,QB,30,245.95223123133013
Kirk Cousins,ATL,QB,30,209.8699763935731
Kyle Allen,PIT,QB,30,143.40100983166627
Kyle Trask,TB,QB,30,125.19927901796083
Kyler Murray,ARI,QB,30,257.5675340559945
Lamar Jackson,BAL,QB,30,257.5675340559945
Logan Woodside,CIN,QB,30,252.31753379663218
Luis Perez,LAC,QB,30,130.1433267606758
Mac Jones,JAX,QB,30,242.39792742686086
Malik Willis,GB,QB,30,243.3214531660024
Marcus Mariota,WAS,QB,30,242.39792742686086
Mason Rudolph,TEN,QB,30,242.39792742686086
Matt Corral,MIN,QB,30,130.1433267606758
Matt Ryan,ATL,QB,30,249.44852112646402
Matthew Stafford,LA,QB,30,257.5675340559945
Max Duggan,LAC,QB,30,130.1433267606758
Michael Penix Jr.,ATL,QB,30,243.3214531660024
Michael Pratt,TB,QB,30,130.1433267606758
Mike White,BUF,QB,30,186.82270815629207
Mitchell Trubisky,BUF,QB,30,182.67931893124234
Nate Sudfeld,DET,QB,30,134.90678501468483
Nathan Peterman,ATL,QB,30,93.87458913259444
Nathan Rourke,NYG,QB,30,130.1433267606758
Nick Mullens,MIN,QB,30,128.90681391405207
PJ Walker,SEA,QB,30,249.70028087522695
Patrick Mahomes,KC,QB,30,257.5675340559945
Rocky Lombardi,CIN,QB,30,130.1433267606758
Russell Wilson,PIT,QB,30,249.44852112646402
Sam Darnold,MIN,QB,30,257.5675340559945
Sam Ehlinger,IND,QB,30,243.3214531660024
Sam Hartman,WAS,QB,30,130.1433267606758
Sam Howell,SEA,QB,30,211.00392883818085
Sean Clifford,GB,QB,30,172.63491695545656
Shane Buechele,BUF,QB,30,130.1433267606758
Skylar Thompson,MIA,QB,30,237.67541671790406
Spencer Rattler,NO,QB,30,242.39792742686086
Stetson Bennett,LA,QB,30,130.1433267606758
Tanner McKee,PHI,QB,30,186.6424754009127
Tanner Mordecai,SF,QB,30,130.1433267606758
Taylor Heinicke,LAC,QB,30,256.899106245457
Teddy Bridgewater,DET,QB,30,126.33692336936372
Tim Boyle,NYG,QB,30,249.70028087522695
Tommy DeVito,NYG,QB,30,239.26837013003484
Trace McSorley,WAS,QB,30,239.26837013003484
Trevor Lawrence,JAX,QB,30,242.39792742686086
Trevor Siemian,TEN,QB,30,245.95223123133013
Trey Lance,DAL,QB,30,239.26837013003484
Tua Tagovailoa,MIA,QB,30,242.39792742686086
Tyler Huntley,MIA,QB,30,243.3214531660024
Tyrod Taylor,NYJ,QB,30,243.3214531660024
Tyson Bagent,CHI,QB,30,128.90681391405207
Will Grier,DAL,QB,30,239.26837013003484
Will Levis,TEN,QB,30,249.44852112646402
Zach Wilson,DEN,QB,30,249.44852112646402
Zack Annexstad,TB,QB,30,130.1433267606758
AJ Dillon,GB,RB,30,291.1449310639131
Aaron Jones,MIN,RB,30,301.64100696396275
Aaron Shampklin,PIT,RB,30,246.77532391156223
Adam Prentice,NO,RB,30,113.91960166760394
Aidan Robbins,CLE,RB,30,123.7881532605061
Alec Ingold,MIA,RB,30,290.41584669275613
Alexander Mattison,LV,RB,30,291.2695509674014
Alvin Kamara,NO,RB,30,291.2695509674014
Ameer Abdullah,LV,RB,30,291.1449310639131
Andrew Beck,HOU,RB,30,113.91960166760394
Anthony McFarland,MIA,RB,30,246.97380413463617
Antonio Gibson,NE,RB,30,297.5655649692952
Audric Estim√©,DEN,RB,30,291.1449310639131
Austin Ekeler,WAS,RB,30,291.2695509674014
Austin Jones,WAS,RB,30,123.7881532605061
Avery Williams,ATL,RB,30,289.44930160393477
Bam Knight,NYJ,RB,30,261.5204513248683
Bijan Robinson,ATL,RB,30,301.64100696396275
Blake Corum,LA,RB,30,283.1459632002012
Blake Watson,DEN,RB,30,266.0047453729725
Boston Scott,PIT,RB,30,284.11250828902257
Braelon Allen,NYJ,RB,30,299.9413188049
Breece Hall,NYJ,RB,30,298.1460023123599
Brian Robinson,WAS,RB,30,301.64100696396275
British Brooks,HOU,RB,30,162.94018371434532
Brittain Brown,SEA,RB,30,123.7881532605061
Bryant Koback,SEA,RB,30,123.7881532605061
Bucky Irving,TB,RB,30,301.64100696396275
C.J. Ham,MIN,RB,30,292.8342508911991
Cam Akers,MIN,RB,30,298.02138240887155
Carlos Washington,ATL,RB,30,123.7881532605061
Carson Steele,KC,RB,30,283.1459632002012
Chase Brown,CIN,RB,30,298.1460023123599
Chase Edmonds,TB,RB,30,283.1459632002012
Chris Brooks,GB,RB,30,289.44930160393477
Chris Collier,LV,RB,30,258.6530545424347
Chris Evans,CIN,RB,30,265.9839692193272
Chris Rodriguez Jr.,WAS,RB,30,262.33144811231614
Christian McCaffrey,SF,RB,30,284.11250828902257
Chuba Hubbard,CAR,RB,30,291.2695509674014
Clyde Edwards-Helaire,NO,RB,30,271.7259910670609
Cody Schrader,LA,RB,30,263.49664836264634
Colson Yankoff,WAS,RB,30,123.7881532605061
Cordarrelle Patterson,PIT,RB,30,283.1459632002012
Craig Reynolds,DET,RB,30,271.7259910670609
D'Andre Swift,CHI,RB,30,301.64100696396275
D'Ernest Johnson,JAX,RB,30,283.1459632002012
D'Onta Foreman,CLE,RB,30,284.11250828902257
D.J. Williams,TB,RB,30,123.7881532605061
Daijun Edwards,PIT,RB,30,123.7881532605061
Dalvin Cook,DAL,RB,30,254.3324802486043
Dameon Pierce,HOU,RB,30,273.61969563435184
Dante Miller,NYG,RB,30,123.7881532605061
Dare Ogunbowale,HOU,RB,30,291.26222656556166
Darrynton Evans,CHI,RB,30,256.86498844691516
David Montgomery,DET,RB,30,291.2695509674014
De'Von Achane,MIA,RB,30,301.64100696396275
DeShaun Fenwick,GB,RB,30,123.7881532605061
DeWayne McBride,MIN,RB,30,123.7881532605061
DeeJay Dallas,ARI,RB,30,271.7259910670609
Demetric Felton,WAS,RB,30,215.99263791456406
Deneric Prince,MIA,RB,30,123.7881532605061
Deon Jackson,NYJ,RB,30,284.11250828902257
Derrick Henry,BAL,RB,30,301.64100696396275
Deuce Vaughn,DAL,RB,30,271.7259910670609
Devin Singletary,NYG,RB,30,291.2695509674014
Dillon Johnson,CAR,RB,30,123.7881532605061
Dylan Laube,LV,RB,30,140.73110439381793
Elijah Collins,CIN,RB,30,123.7881532605061
Elijah Dotson,ATL,RB,30,277.2929928950082
Elijah Mitchell,SF,RB,30,295.7500714058631
Ellis Merriweather,GB,RB,30,123.7881532605061
Emani Bailey,CAR,RB,30,123.7881532605061
Emanuel Wilson,GB,RB,30,301.64100696396275
Emari Demercado,ARI,RB,30,289.44930160393477
Eric Gray,NYG,RB,30,284.11250828902257
Evan Hull,IND,RB,30,263.99339332129034
Ezekiel Elliott,LAC,RB,30,295.7500714058631
Frank Gore Jr.,BUF,RB,30,123.7881532605061
Gary Brightwell,CIN,RB,30,284.11250828902257
George Holani,SEA,RB,30,261.5204513248683
Gus Edwards,LAC,RB,30,275.5336650375647
Hassan Hall,ARI,RB,30,123.7881532605061
Hassan Haskins,LAC,RB,30,277.77478901660174
Hunter Luepke,DAL,RB,30,283.1459632002012
Ian Wheeler,CHI,RB,30,123.7881532605061
Isaac Guerendo,SF,RB,30,291.2695509674014
Isaiah Davis,NYJ,RB,30,290.41584669275613
Isaiah Spiller,LV,RB,30,284.11250828902257
Isiah Pacheco,KC,RB,30,290.41584669275613
Israel Abanikanda,SF,RB,30,284.11250828902257
J.J. Taylor,HOU,RB,30,265.62072777064
J.K. Dobbins,LAC,RB,30,291.2695509674014
JaMycal Hasty,NE,RB,30,284.11250828902257
Jabari Small,TEN,RB,30,123.7881532605061
Jack Colletto,PIT,RB,30,123.7881532605061
Jacob Kibodi,CLE,RB,30,266.0047453729725
Jacob Saylors,CLE,RB,30,123.7881532605061
Jaden Shirden,CAR,RB,30,123.7881532605061
Jahmyr Gibbs,DET,RB,30,301.64100696396275
Jake Funk,JAX,RB,30,265.9839692193272
Jakob Johnson,NYG,RB,30,235.16094037872327
Jaleel McLaughlin,DEN,RB,30,297.5655649692952
Jalen Jackson,JAX,RB,30,123.7881532605061
Jamaal Williams,NO,RB,30,289.44930160393477
James Conner,ARI,RB,30,298.1460023123599
James Cook,BUF,RB,30,301.64100696396275
James Robinson,NO,RB,30,268.4038025299411
Jaret Patterson,LAC,RB,30,263.7919903837727
Jarveon Howard,GB,RB,30,123.7881532605061
Jase McClellan,ATL,RB,30,260.3052478561036
Jashaun Corbin,NYG,RB,30,278.70240783829877
Javonte Williams,DEN,RB,30,301.64100696396275
Jawhar Jordan,HOU,RB,30,123.7881532605061
Jaylen Warren,PIT,RB,30,296.3257529488932
Jaylen Wright,MIA,RB,30,269.7758211528898
Jeff Wilson,MIA,RB,30,271.7259910670609
Jeremy McNichols,WAS,RB,30,298.1460023123599
Jermar Jefferson,DET,RB,30,254.3324802486043
Jerome Ford,CLE,RB,30,295.7500714058631
Joe Mixon,HOU,RB,30,298.1460023123599
John Kelly,CLE,RB,30,264.3577941035918
Jonathan Taylor,IND,RB,30,291.2695509674014
Jonathan Ward,PIT,RB,30,264.625822149934
Jonathon Brooks,CAR,RB,30,271.7259910670609
Jordan Mason,SF,RB,30,295.7500714058631
Jordan Mims,NO,RB,30,284.11250828902257
Josh Jacobs,GB,RB,30,301.64100696396275
Joshua Kelley,TEN,RB,30,162.94018371434532
Julius Chestnut,TEN,RB,30,265.62072777064
Justice Hill,BAL,RB,30,297.5655649692952
Kairee Robinson,SEA,RB,30,123.7881532605061
Kareem Hunt,KC,RB,30,298.1460023123599
Kazmeir Allen,WAS,RB,30,123.7881532605061
Ke'Shawn Vaughn,SF,RB,30,231.03433353820014
Keaontay Ingram,KC,RB,30,284.11250828902257
Keaton Mitchell,BAL,RB,30,254.3324802486043
Keilan Robinson,JAX,RB,30,123.7881532605061
Kendall Milton,CIN,RB,30,123.7881532605061
Kendre Miller,NO,RB,30,290.41584669275613
Kene Nwangwu,NYJ,RB,30,209.0757698558525
Kenneth Gainwell,PHI,RB,30,297.5655649692952
Kenneth Walker III,SEA,RB,30,292.2360960562228
Kenny McIntosh,SEA,RB,30,271.7259910670609
Kevin Harris,NE,RB,30,278.0293294707944
Khalil Herbert,CIN,RB,30,290.41584669275613
Khari Blasingame,PHI,RB,30,263.44559774179646
Kimani Vidal,LAC,RB,30,284.11250828902257
Kobe Lewis,SEA,RB,30,123.7881532605061
Kyle Juszczyk,SF,RB,30,289.44930160393477
Kyren Williams,LA,RB,30,301.64100696396275
La'Mical Perine,PIT,RB,30,271.7259910670609
Lew Nichols III,PHI,RB,30,123.7881532605061
Lorenzo Lingard,NYG,RB,30,123.7881532605061
Louis Rees-Zammit,JAX,RB,30,123.7881532605061
Malik Davis,DAL,RB,30,290.41584669275613
MarShawn Lloyd,GB,RB,30,266.0047453729725
Markese Stepp,NYJ,RB,30,123.7881532605061
Matt Breida,SF,RB,30,289.44930160393477
Michael Burton,DEN,RB,30,290.41584669275613
Michael Carter,ARI,RB,30,290.41584669275613
Michael Wiley,WAS,RB,30,123.7881532605061
Mike Boone,CAR,RB,30,254.3324802486043
Miles Sanders,CAR,RB,30,292.11147615273444
Mohamed Ibrahim,MIN,RB,30,123.7881532605061
Myles Gaskin,JAX,RB,30,230.90262492217127
Najee Harris,PIT,RB,30,301.64100696396275
Nate McCrary,GB,RB,30,141.54903243777548
Nathaniel Peat,DAL,RB,30,123.7881532605061
Nick Bawden,HOU,RB,30,276.40530018317236
Nick Chubb,CLE,RB,30,296.71661649468444
Noah Cain,CIN,RB,30,123.7881532605061
Nyheim Hines,CLE,RB,30,297.5655649692952
Owen Wright,BAL,RB,30,123.7881532605061
Patrick Ricard,BAL,RB,30,236.29655767459235
Patrick Taylor,SF,RB,30,278.0293294707944
Pierre Strong,CLE,RB,30,284.11250828902257
Rachaad White,TB,RB,30,302.6265227508215
Raheem Blackshear,CAR,RB,30,260.3052478561036
Raheem Mostert,MIA,RB,30,291.1449310639131
Ramon Jefferson,TB,RB,30,123.7881532605061
Rashaad Penny,CAR,RB,30,254.3324802486043
Rasheen Ali,BAL,RB,30,264.625822149934
Ray Davis,BUF,RB,30,301.64100696396275
Reggie Gilliam,BUF,RB,30,232.62612015951092
Rhamondre Stevenson,NE,RB,30,291.2695509674014
Rico Dowdle,DAL,RB,30,298.02138240887155
Robert Burns,ATL,RB,30,123.7881532605061
Ronnie Rivers,LA,RB,30,284.11250828902257
Roschon Johnson,CHI,RB,30,291.2695509674014
Royce Freeman,LA,RB,30,262.33144811231614
SaRodorick Thompson Jr.,LA,RB,30,123.7881532605061
Salvon Ahmed,IND,RB,30,290.41584669275613
Sam Schnee,TEN,RB,30,123.7881532605061
Samaje Perine,KC,RB,30,297.5655649692952
Saquon Barkley,PHI,RB,30,301.64100696396275
Scott Matlock,LAC,RB,30,257.54298312783885
Sean Tucker,TB,RB,30,292.11147615273444
Sincere McCormick,LV,RB,30,284.11250828902257
Sione Vaki,DET,RB,30,271.7259910670609
Snoop Conner,DAL,RB,30,266.6085862598371
Spencer Brown,ATL,RB,30,265.62072777064
TaMerik Williams,SEA,RB,30,123.7881532605061
Tank Bigsby,JAX,RB,30,291.2695509674014
Tarik Cohen,NYJ,RB,30,284.11250828902257
Terrell Jennings,NE,RB,30,260.3052478561036
Tony Jones,ARI,RB,30,270.0953287875062
Tony Pollard,TEN,RB,30,298.1460023123599
Travis Etienne,JAX,RB,30,291.1449310639131
Travis Homer,CHI,RB,30,271.7259910670609
Trayveon Williams,CIN,RB,30,287.3393597458311
Trent Pennix,IND,RB,30,123.7881532605061
Trey Benson,ARI,RB,30,289.44930160393477
Trey Sermon,IND,RB,30,291.1449310639131
Troy Hairston,HOU,RB,30,246.96223370308292
Ty Chandler,MIN,RB,30,284.11250828902257
Ty Johnson,BUF,RB,30,297.5655649692952
Tyjae Spears,TEN,RB,30,291.2695509674014
Tyler Allgeier,ATL,RB,30,306.1215274024244
Tyler Badie,DEN,RB,30,271.7259910670609
Tyler Goodson,IND,RB,30,290.41584669275613
Tyreik McAllister,LV,RB,30,268.67836839742216
Tyrion Davis-Price,PHI,RB,30,266.88864420240407
Tyrone Tracy Jr.,NYG,RB,30,301.64100696396275
Velus Jones Jr.,CAR,RB,30,257.1998770310379
Will Shipley,PHI,RB,30,290.41584669275613
Xazavian Valladay,NO,RB,30,123.7881532605061
Zach Charbonnet,SEA,RB,30,301.64100696396275
Zach Evans,NYJ,RB,30,229.1721435036129
Zack Moss,CIN,RB,30,292.11147615273444
Zamir White,LV,RB,30,290.41584669275613
Zander Horvath,MIA,RB,30,284.11250828902257
Zavier Scott,MIN,RB,30,123.7881532605061
A.J. Brown,PHI,WR,30,281.9959915838762
A.T. Perry,DEN,WR,30,263.4011237194169
Adam Thielen,CAR,WR,30,263.4011237194169
Adonai Mitchell,IND,WR,30,273.38663797845976
Ahmarean Brown,BUF,WR,30,123.93958188123494
Ainias Smith,PHI,WR,30,264.21688172402713
Alec Pierce,IND,WR,30,271.58587018306093
Alex Bachman,LV,WR,30,286.5928530769451
Alex Erickson,HOU,WR,30,261.57410202158013
Alex McGough,GB,WR,30,123.93958188123494
Allen Lazard,NYJ,WR,30,272.6609830868914
Allen Robinson,DET,WR,30,273.21165380605896
Amari Cooper,BUF,WR,30,271.58587018306093
Amon-Ra St. Brown,DET,WR,30,281.9959915838762
Andre Baccellia,ARI,WR,30,266.5520132599157
Andrei Iosivas,CIN,WR,30,281.9959915838762
Andy Isabella,PIT,WR,30,122.15534971320886
Anthony Gould,IND,WR,30,272.85433497890574
Anthony Miller,BAL,WR,30,269.1947929623627
Anthony Schwartz,MIA,WR,30,270.3763013575443
Antoine Green,DET,WR,30,227.1777159214979
Ashton Dulin,IND,WR,30,265.88653024246923
Austin Mack,ATL,WR,30,266.5520132599157
Austin Trammell,JAX,WR,30,286.52547551700013
Austin Watkins Jr.,PHI,WR,30,123.93958188123494
Ayir Asante,NYG,WR,30,123.93958188123494
Ben Skowronek,PIT,WR,30,268.3753772575297
Bo Melton,GB,WR,30,270.23633093033686
Brandin Cooks,DAL,WR,30,263.4011237194169
Brandon Aiyuk,SF,WR,30,266.5520132599157
Brandon Johnson,PIT,WR,30,272.85433497890574
Brandon Powell,MIN,WR,30,266.5520132599157
Brandon Smith,NYJ,WR,30,123.93958188123494
Braxton Berrios,MIA,WR,30,114.73974830211098
Braylon Sanders,NE,WR,30,279.0859099165013
Brenden Rice,LAC,WR,30,123.93958188123494
Brevin Easton,JAX,WR,30,123.93958188123494
Brian Thomas Jr.,JAX,WR,30,281.9959915838762
Britain Covey,PHI,WR,30,269.1947929623627
Bryan Thompson,BUF,WR,30,123.93958188123494
Bryce Ford-Wheaton,NYG,WR,30,123.93958188123494
Bryce Oliver,TEN,WR,30,266.5520132599157
Brycen Tremayne,WAS,WR,30,217.38540782072727
Bub Means,NO,WR,30,263.3974660191941
Byron Pringle,WAS,WR,30,270.23633093033686
Calvin Austin III,PIT,WR,30,281.9959915838762
Calvin Ridley,TEN,WR,30,281.9959915838762
Cam Johnson,CAR,WR,30,123.93958188123494
Cam Sims,CAR,WR,30,270.23633093033686
Casey Washington,ATL,WR,30,265.4990851553267
Cedric Tillman,CLE,WR,30,262.1473111194442
Cedrick Wilson Jr.,NO,WR,30,261.57410202158013
CeeDee Lamb,DAL,WR,30,272.6609830868914
Cephus Johnson III,TB,WR,30,123.93958188123494
Charlie Jones,CIN,WR,30,269.97041285434966
Chase Claypool,BUF,WR,30,261.57410202158013
Chase Cota,NYG,WR,30,123.93958188123494
Chris Blair,ATL,WR,30,265.4990851553267
Chris Conley,SF,WR,30,266.5520132599157
Chris Godwin,TB,WR,30,263.4011237194169
Chris Moore,WAS,WR,30,270.23633093033686
Chris Olave,NO,WR,30,262.1473111194442
Christian Kirk,JAX,WR,30,261.57410202158013
Christian Watson,GB,WR,30,266.04263223525663
Cody Thompson,TB,WR,30,272.85433497890574
Cody White,SEA,WR,30,286.52547551700013
Cole Burgess,CIN,WR,30,123.93958188123494
Collin Johnson,CHI,WR,30,267.62033430605595
Colton Dowell,TEN,WR,30,247.01503629121652
Cooper Kupp,LA,WR,30,272.6609830868914
Corey Crooms,DAL,WR,30,123.93958188123494
Cornelius Johnson,GB,WR,30,123.93958188123494
Cornell Powell,SEA,WR,30,123.93958188123494
Courtland Sutton,DEN,WR,30,281.9959915838762
Curtis Samuel,BUF,WR,30,278.7366851227051
D.J. Montgomery,IND,WR,30,273.65168566889986
DJ Chark,LAC,WR,30,261.57410202158013
DJ Moore,CHI,WR,30,281.9959915838762
DJ Turner,LV,WR,30,261.57410202158013
DK Metcalf,SEA,WR,30,272.6609830868914
Damiere Byrd,BUF,WR,30,122.15534971320886
Dan Chisena,CAR,WR,30,272.1684738417109
Daniel Arias,ARI,WR,30,123.93958188123494
Danny Gray,PHI,WR,30,232.22142061710957
Dante Pettis,NO,WR,30,261.57410202158013
Dareke Young,SEA,WR,30,122.15534971320886
Darius Slayton,NYG,WR,30,264.9675193314261
Darnell Mooney,ATL,WR,30,271.58587018306093
Daurice Fountain,DET,WR,30,279.0859099165013
Davante Adams,NYJ,WR,30,272.6609830868914
David Bell,CLE,WR,30,286.5928530769451
David Durden,DAL,WR,30,123.93958188123494
David Moore,CAR,WR,30,269.4016766257203
David Sills,DEN,WR,30,266.5520132599157
David Wallis,NE,WR,30,123.93958188123494
David White Jr.,JAX,WR,30,123.93958188123494
Davion Davis,WAS,WR,30,265.4990851553267
Dax Milne,CAR,WR,30,261.57410202158013
Daylen Baldwin,ARI,WR,30,286.52547551700013
Dayton Wade,BAL,WR,30,123.93958188123494
DeAndre Carter,CHI,WR,30,266.5520132599157
DeAndre Hopkins,KC,WR,30,281.9959915838762
DeVante Parker,PHI,WR,30,270.23633093033686
DeVonta Smith,PHI,WR,30,281.9959915838762
Dee Eskridge,MIA,WR,30,272.1684738417109
Dee Williams,NYG,WR,30,123.93958188123494
Deebo Samuel Sr.,SF,WR,30,269.4016766257203
Demarcus Robinson,LA,WR,30,281.9959915838762
Demario Douglas,NE,WR,30,268.3265637218898
Dennis Houston,TB,WR,30,279.0859099165013
Denzel Mims,PIT,WR,30,266.5520132599157
Deon Cain,BUF,WR,30,266.5520132599157
Deontay Burnett,DAL,WR,30,286.5928530769451
Deonte Harty,BAL,WR,30,268.8284675278562
Derek Slywka,IND,WR,30,123.93958188123494
Derius Davis,LAC,WR,30,266.04263223525663
Devaughn Vele,DEN,WR,30,269.4016766257203
Deven Thompkins,CAR,WR,30,272.19966535515823
Devin Carter,CAR,WR,30,123.93958188123494
Devin Duvernay,JAX,WR,30,266.5520132599157
Devontez Walker,BAL,WR,30,260.1540943616181
Devron Harper,MIN,WR,30,123.93958188123494
Dez Fitzpatrick,LAC,WR,30,264.21688172402713
Dimitri Stanley,GB,WR,30,123.93958188123494
Diontae Johnson,HOU,WR,30,269.4016766257203
Donovan Peoples-Jones,DET,WR,30,270.23633093033686
Dontayvion Wicks,GB,WR,30,281.9959915838762
Drake London,ATL,WR,30,281.9959915838762
Drake Stoops,LA,WR,30,123.93958188123494
Duece Watts,PIT,WR,30,123.93958188123494
Dyami Brown,WAS,WR,30,275.3776407322414
Dylan Drummond,ATL,WR,30,123.93958188123494
Easop Winston,NYJ,WR,30,269.97041285434966
Elijah Cooks,PHI,WR,30,278.3451374852418
Elijah Moore,CLE,WR,30,278.7366851227051
Equanimeous St. Brown,NO,WR,30,266.5520132599157
Erik Ezukanma,MIA,WR,30,122.15534971320886
Ethan Fernea,IND,WR,30,123.93958188123494
Freddie Swain,CHI,WR,30,268.3256292436493
Gabe Davis,JAX,WR,30,258.78826672898055
Garrett Wilson,NYJ,WR,30,281.9959915838762
George Pickens,PIT,WR,30,272.6609830868914
Grant DuBose,MIA,WR,30,279.0859099165013
Greg Dortch,ARI,WR,30,278.7366851227051
Griffin Hebert,PHI,WR,30,123.93958188123494
Gunner Olszewski,NYG,WR,30,217.79125045786463
Hakeem Butler,CIN,WR,30,122.15534971320886
Hamze El-Zayat,NYJ,WR,30,123.93958188123494
Hayden Hatten,SEA,WR,30,123.93958188123494
Ihmir Smith-Marsette,NYG,WR,30,266.5520132599157
Irvin Charles,NYJ,WR,30,122.15534971320886
Isaiah Hodgins,NYG,WR,30,279.0859099165013
Isaiah McKenzie,MIA,WR,30,266.5520132599157
Isaiah Washington,BAL,WR,30,123.93958188123494
Isaiah Williams,CIN,WR,30,286.52547551700013
Isaiah Winstead,NYJ,WR,30,123.93958188123494
Isaiah Wooden,LAC,WR,30,123.93958188123494
Izaiah Gathings,PIT,WR,30,123.93958188123494
JJ Laap,LA,WR,30,123.93958188123494
Ja'Lynn Polk,NE,WR,30,266.04263223525663
Ja'Marr Chase,CIN,WR,30,281.9959915838762
JaQuae Jackson,NE,WR,30,123.93958188123494
Jaaron Hayek,KC,WR,30,123.93958188123494
Jacob Copeland,PIT,WR,30,123.93958188123494
Jacob Cowing,SF,WR,30,273.01908105999127
Jacob Harris,PHI,WR,30,272.85433497890574
Jadon Janke,MIA,WR,30,123.93958188123494
Jaelen Gill,CLE,WR,30,123.93958188123494
Jaelon Darden,SEA,WR,30,272.85433497890574
Jahan Dotson,PHI,WR,30,269.9889493185649
Jake Bobo,SEA,WR,30,261.57410202158013
Jakeem Grant,ATL,WR,30,258.78826672898055
Jakobi Meyers,LV,WR,30,272.6609830868914
Jalen Brooks,DAL,WR,30,268.8284675278562
Jalen Camp,CLE,WR,30,272.85433497890574
Jalen Coker,CAR,WR,30,258.78826672898055
Jalen Guyton,LV,WR,30,261.57410202158013
Jalen McMillan,TB,WR,30,272.6609830868914
Jalen Moreno-Cropper,DAL,WR,30,123.93958188123494
Jalen Nailor,MIN,WR,30,271.58587018306093
Jalen Reagor,LAC,WR,30,266.5520132599157
Jalen Tolbert,DAL,WR,30,281.9959915838762
Jalen Virgil,BUF,WR,30,267.70989424008314
Jalen Wayne,GB,WR,30,123.93958188123494
Jalin Hyatt,NYG,WR,30,266.5520132599157
Jalon Calhoun,DET,WR,30,123.93958188123494
Jamal Agnew,PIT,WR,30,261.57410202158013
Jamari Thrash,CLE,WR,30,273.88883726428855
James Proche,CLE,WR,30,278.3451374852418
Jameson Williams,DET,WR,30,271.58587018306093
Jamison Crowder,WAS,WR,30,258.78826672898055
Jaray Jenkins,PIT,WR,30,123.93958188123494
Jared Wayne,HOU,WR,30,122.15534971320886
Jason Brownlee,KC,WR,30,263.3974660191941
Jauan Jennings,SF,WR,30,272.6609830868914
Javon Baker,NE,WR,30,234.04478461472354
Jaxon Janke,HOU,WR,30,123.93958188123494
Jaxon Smith-Njigba,SEA,WR,30,281.9959915838762
Jayden Reed,GB,WR,30,281.9959915838762
Jaylen Johnson,LAC,WR,30,123.93958188123494
Jaylen Waddle,MIA,WR,30,266.04263223525663
Je'Quan Burton,MIA,WR,30,123.93958188123494
Jeff Foreman,LV,WR,30,123.93958188123494
Jeff Smith,ARI,WR,30,266.5520132599157
Jermaine Burton,CIN,WR,30,272.19966535515823
Jermaine Jackson,NO,WR,30,129.75486545818177
Jerry Jeudy,CLE,WR,30,281.9959915838762
Jeshaun Jones,MIN,WR,30,123.93958188123494
Jesse Matthews,ATL,WR,30,123.93958188123494
Jha'Quan Jackson,TEN,WR,30,266.94315084782636
John Jackson,CHI,WR,30,123.93958188123494
John Jiles,NE,WR,30,123.93958188123494
John Metchie III,HOU,WR,30,268.8284675278562
John Rhys Plumlee,SEA,WR,30,123.93958188123494
John Ross,PHI,WR,30,272.85433497890574
Johnny Johnson III,HOU,WR,30,123.93958188123494
Johnny Wilson,PHI,WR,30,261.57410202158013
Jonathan Mingo,DAL,WR,30,270.23633093033686
Jontre Kirklin,SF,WR,30,123.93958188123494
Jordan Addison,MIN,WR,30,271.58587018306093
Jordan Whittington,LA,WR,30,266.5520132599157
Joseph Ngata,PHI,WR,30,123.93958188123494
Joseph Scates,JAX,WR,30,123.93958188123494
Josh Ali,ATL,WR,30,122.15534971320886
Josh Downs,IND,WR,30,272.6609830868914
Josh Palmer,LAC,WR,30,268.8284675278562
Josh Reynolds,JAX,WR,30,261.57410202158013
Joshua Cephus,JAX,WR,30,123.93958188123494
JuJu Smith-Schuster,KC,WR,30,266.04263223525663
Julian Hicks,GB,WR,30,123.93958188123494
Justin Hall,MIN,WR,30,123.93958188123494
Justin Jefferson,MIN,WR,30,281.9959915838762
Justin Watson,KC,WR,30,275.3776407322414
Justyn Ross,KC,WR,30,122.15534971320886
Juwann Winfree,IND,WR,30,122.15534971320886
K.J. Osborn,WAS,WR,30,261.57410202158013
KJ Hamler,BUF,WR,30,266.5520132599157
KaVontae Turpin,DAL,WR,30,266.04263223525663
Kadarius Toney,CLE,WR,30,133.83266181013096
Kaden Davis,CLE,WR,30,123.93958188123494
Kalif Raymond,DET,WR,30,258.78826672898055
Kameron Johnson,TB,WR,30,182.36071995934844
Kawaan Baker,NE,WR,30,123.93958188123494
Kayshon Boutte,NE,WR,30,269.4016766257203
Kearis Jackson,NYG,WR,30,123.93958188123494
Keenan Allen,CHI,WR,30,272.6609830868914
Keith Kirkwood,BAL,WR,30,261.57410202158013
Kelvin Harmon,DAL,WR,30,270.23633093033686
Kendric Pryor,CIN,WR,30,272.85433497890574
Kendrick Bourne,NE,WR,30,268.8284675278562
Keon Coleman,BUF,WR,30,271.58587018306093
Kevin Austin Jr.,NO,WR,30,266.5520132599157
KhaDarel Hodge,ATL,WR,30,261.57410202158013
Khalil Shakir,BUF,WR,30,281.9959915838762
Kristian Wilkerson,LV,WR,30,277.9489776699933
Kwamie Lassiter II,CIN,WR,30,249.9006476277545
Kyle Philips,PHI,WR,30,266.5520132599157
Kyle Sheets,KC,WR,30,123.93958188123494
Kyric McGowan,MIA,WR,30,123.93958188123494
Ladd McConkey,LAC,WR,30,281.9959915838762
Lance McCutcheon,PIT,WR,30,123.08489026359513
Laquon Treadwell,IND,WR,30,272.85433497890574
Latreal Jones,TB,WR,30,123.93958188123494
Laviska Shenault Jr.,LAC,WR,30,266.5520132599157
Lawrence Keys,BUF,WR,30,123.93958188123494
Leon Johnson,LAC,WR,30,123.93958188123494
Lideatrick Griffin,CLE,WR,30,123.93958188123494
Lil'Jordan Humphrey,DEN,WR,30,268.8284675278562
Lucky Jackson,MIN,WR,30,123.93958188123494
Luke McCaffrey,WAS,WR,30,270.23633093033686
Mack Hollins,BUF,WR,30,281.9959915838762
Malachi Corley,NYJ,WR,30,269.5256941392639
Malik Cunningham,BAL,WR,30,122.15534971320886
Malik Heath,GB,WR,30,258.78826672898055
Malik Knowles,GB,WR,30,123.93958188123494
Malik Nabers,NYG,WR,30,272.6609830868914
Malik Taylor,NYJ,WR,30,279.0859099165013
Malik Turner,SF,WR,30,262.1473111194442
Malik Washington,MIA,WR,30,270.23633093033686
Marcus Riley,NYJ,WR,30,123.93958188123494
Marcus Rosemy-Jacksaint,PHI,WR,30,123.93958188123494
Marcus Simms,SEA,WR,30,123.93958188123494
Marquez Callaway,TB,WR,30,258.78826672898055
Marquez Valdes-Scantling,NO,WR,30,272.6609830868914
Marquise Brown,KC,WR,30,266.5520132599157
Martavis Bryant,WAS,WR,30,266.5520132599157
Marvin Harrison Jr.,ARI,WR,30,281.9959915838762
Marvin Mims Jr.,DEN,WR,30,281.9959915838762
Mason Kinsey,TEN,WR,30,279.0859099165013
Mason Tipton,NO,WR,30,266.5520132599157
Mathew Sexton,MIA,WR,30,123.93958188123494
Matt Landers,NE,WR,30,123.93958188123494
Maurice Alexander,DET,WR,30,272.85433497890574
Mecole Hardman,KC,WR,30,266.5520132599157
Michael Bandy,DEN,WR,30,266.5520132599157
Michael Gallup,LV,WR,30,275.3776407322414
Michael Pittman,IND,WR,30,268.3265637218898
Michael Wilson,ARI,WR,30,271.58587018306093
Mike Evans,TB,WR,30,272.6609830868914
Mike Harley Jr.,MIA,WR,30,123.93958188123494
Mike Strachan,WAS,WR,30,264.8475461779601
Mike Williams,PIT,WR,30,268.8284675278562
Mike Woods,CLE,WR,30,266.5520132599157
Miles Boykin,SEA,WR,30,275.03501780367293
Mitchell Tinsley,WAS,WR,30,123.93958188123494
Montrell Washington,KC,WR,30,249.87272097465421
Nelson Agholor,BAL,WR,30,266.04263223525663
Nick Westbrook-Ikhine,TEN,WR,30,272.6609830868914
Nico Collins,HOU,WR,30,272.6609830868914
Nikko Remigio,KC,WR,30,286.52547551700013
Noah Brown,WAS,WR,30,261.57410202158013
Nsimba Webster,CHI,WR,30,286.52547551700013
OJ Hiliare,ATL,WR,30,123.93958188123494
Odell Beckham Jr.,MIA,WR,30,266.5520132599157
Olamide Zaccheaus,WAS,WR,30,278.7366851227051
Parker Washington,JAX,WR,30,269.4016766257203
Parris Campbell,PHI,WR,30,263.3974660191941
Peter LeBlanc,CHI,WR,30,123.93958188123494
Phillip Brooks,KC,WR,30,123.93958188123494
Phillip Dorsett,ATL,WR,30,123.08489026359513
Praise Olatoke,CAR,WR,30,123.93958188123494
Puka Nacua,LA,WR,30,269.4016766257203
Qadir Ismail,BAL,WR,30,123.93958188123494
Quentin Johnston,LAC,WR,30,271.58587018306093
Quez Watkins,PIT,WR,30,261.57410202158013
Quintez Cephus,LA,WR,30,286.52547551700013
Racey McMath,DAL,WR,30,272.40334605642516
Rakim Jarrett,TB,WR,30,266.5520132599157
Raleigh Webb,TB,WR,30,123.93958188123494
Ramel Keyton,LV,WR,30,266.94315084782636
Rashard Higgins,CLE,WR,30,268.8284675278562
Rashee Rice,KC,WR,30,261.43104643142755
Rashid Shaheed,NO,WR,30,262.1473111194442
Rashod Bateman,BAL,WR,30,281.9959915838762
Ray-Ray McCloud,ATL,WR,30,281.8934346712851
Ricky Pearsall,SF,WR,30,262.1473111194442
River Cracraft,MIA,WR,30,268.3753772575297
Robbie Chosen,MIA,WR,30,269.97041285434966
Robert Woods,HOU,WR,30,270.23633093033686
Roman Wilson,PIT,WR,30,123.93958188123494
Rome Odunze,CHI,WR,30,278.7366851227051
Romeo Doubs,GB,WR,30,272.6609830868914
Rondale Moore,ATL,WR,30,281.8934346712851
Ronnie Bell,SF,WR,30,272.9092462729704
Russell Gage,SF,WR,30,272.6609830868914
Ryan Flournoy,DAL,WR,30,266.5520132599157
Ryan Miller,TB,WR,30,258.78826672898055
Sam Pinckney,CAR,WR,30,123.93958188123494
Sam Wiglusz,LA,WR,30,123.93958188123494
Samori Toure,CHI,WR,30,266.5520132599157
Samson Nacua,NO,WR,30,123.93958188123494
Scott Miller,PIT,WR,30,268.3753772575297
Sean Ryan,BAL,WR,30,123.93958188123494
Seth Williams,DAL,WR,30,272.85433497890574
Shaquan Davis,PIT,WR,30,123.93958188123494
Shedrick Jackson,LV,WR,30,122.15534971320886
Simi Fehoko,LAC,WR,30,266.5520132599157
Skyy Moore,KC,WR,30,123.08489026359513
Stanley Morgan,TEN,WR,30,122.15534971320886
Stefon Diggs,HOU,WR,30,262.1473111194442
Sterling Shepard,TB,WR,30,268.8284675278562
Steven Sims,BAL,WR,30,260.76648720429546
T.J. Luther,CAR,WR,30,123.93958188123494
Tahj Washington,MIA,WR,30,123.93958188123494
Tank Dell,HOU,WR,30,269.4016766257203
Tanner Conner,MIA,WR,30,278.3451374852418
Tanner Knue,TB,WR,30,123.93958188123494
Tarik Black,MIA,WR,30,272.85433497890574
Tay Martin,TEN,WR,30,264.27783713189893
Tayvion Robinson,CAR,WR,30,123.93958188123494
Tee Higgins,CIN,WR,30,272.6609830868914
Tejhaun Palmer,ARI,WR,30,123.93958188123494
Terique Owens,SF,WR,30,123.93958188123494
Terrace Marshall Jr.,LV,WR,30,269.5256941392639
Terrell Bynum,LV,WR,30,123.93958188123494
Terry McLaurin,WAS,WR,30,281.9959915838762
Thayer Thomas,MIN,WR,30,123.93958188123494
Tim Jones,JAX,WR,30,272.1684738417109
Tim Patrick,DET,WR,30,271.58587018306093
Tom Kennedy,DET,WR,30,122.15534971320886
Tre Mosley,CIN,WR,30,123.93958188123494
Tre Tucker,LV,WR,30,278.7366851227051
Tre'Quan Smith,DET,WR,30,261.57410202158013
Tre'Shaun Harrison,TEN,WR,30,123.93958188123494
Trent Sherfield,MIN,WR,30,261.57410202158013
Trent Taylor,SF,WR,30,272.85433497890574
Trenton Irwin,CAR,WR,30,271.34905813687794
Trey Palmer,TB,WR,30,261.57410202158013
Treylon Burks,TEN,WR,30,270.3763013575443
Trishton Jackson,MIN,WR,30,279.0859099165013
Troy Franklin,DEN,WR,30,278.7366851227051
Tutu Atwell,LA,WR,30,269.3578297953832
Ty James,MIN,WR,30,123.93958188123494
Ty Scott,SEA,WR,30,123.93958188123494
Tylan Wallace,BAL,WR,30,261.57410202158013
Tyler Boyd,TEN,WR,30,270.23633093033686
Tyler Harrell,NYJ,WR,30,123.93958188123494
Tyler Johnson,LA,WR,30,261.57410202158013
Tyler Lockett,SEA,WR,30,275.3776407322414
Tyler Scott,CHI,WR,30,269.97041285434966
Tyquan Thornton,KC,WR,30,267.50621353881627
Tyreek Hill,MIA,WR,30,281.9959915838762
Tyrell Shavers,BUF,WR,30,264.27783713189893
Tyrie Cleveland,IND,WR,30,272.9092462729704
Tyron Johnson,DAL,WR,30,272.85433497890574
Van Jefferson,PIT,WR,30,268.3265637218898
Wan'Dale Robinson,NYG,WR,30,281.9959915838762
Wayne Ruby,JAX,WR,30,123.93958188123494
Xavier Gipson,NYJ,WR,30,261.57410202158013
Xavier Hutchinson,HOU,WR,30,269.3578297953832
Xavier Johnson,HOU,WR,30,123.93958188123494
Xavier Legette,CAR,WR,30,272.6609830868914
Xavier Smith,LA,WR,30,272.9092462729704
Xavier Weaver,ARI,WR,30,123.08489026359513
Xavier White,IND,WR,30,123.93958188123494
Xavier Worthy,KC,WR,30,281.9959915838762
Zach Pascal,ARI,WR,30,269.36880920799734
Zay Flowers,BAL,WR,30,281.9959915838762
Zay Jones,ARI,WR,30,266.5520132599157
AJ Barner,SEA,TE,30,227.84933145694342
Adam Trautman,DEN,TE,30,224.66247101825707
Albert Okwuegbunam,IND,TE,30,109.01630427541232
Alec Holler,DAL,TE,30,106.58776745998425
Andrew Ogletree,IND,TE,30,228.7621226407054
Anthony Firkser,KC,TE,30,195.93007156019507
Armani Rogers,BUF,TE,30,228.64586961010804
Austin Hooper,NE,TE,30,235.33556832816487
Austin Stogner,ATL,TE,30,106.58776745998425
Baylor Cupp,KC,TE,30,109.01630427541232
Ben Mason,LAC,TE,30,106.58776745998425
Ben Sims,GB,TE,30,228.64586961010804
Ben Sinnott,WAS,TE,30,228.7621226407054
Bernhard Seikovits,ARI,TE,30,106.58776745998425
Blake Whiteheart,CLE,TE,30,228.7621226407054
Brady Russell,SEA,TE,30,106.58776745998425
Brayden Willis,SF,TE,30,109.01630427541232
Brenden Bates,CLE,TE,30,109.01630427541232
Brenton Strange,JAX,TE,30,224.66247101825707
Brevin Jordan,HOU,TE,30,216.1355886731143
Brevyn Spann-Ford,DAL,TE,30,228.64586961010804
Brock Bowers,LV,TE,30,233.67509538597022
Brock Wright,DET,TE,30,224.73563695879932
C.J. Uzomah,PHI,TE,30,228.7621226407054
Cade Otton,TB,TE,30,227.84933145694342
Cade Stover,HOU,TE,30,228.6889567001632
Cam Grandy,CIN,TE,30,228.64586961010804
Cameron Latu,PHI,TE,30,106.58776745998425
Charlie Kolar,BAL,TE,30,228.7621226407054
Charlie Woerner,ATL,TE,30,228.64586961010804
Chig Okonkwo,TEN,TE,30,236.86430393130092
Chris Manhertz,NYG,TE,30,233.59681345699
Chris Myarick,HOU,TE,30,228.7621226407054
Colby Parkinson,LA,TE,30,232.14870788947852
Cole Fotheringham,LV,TE,30,196.30384505634754
Cole Kmet,CHI,TE,30,227.84933145694342
Cole Turner,WAS,TE,30,228.64586961010804
Connor Heyward,PIT,TE,30,228.7621226407054
Dallas Goedert,PHI,TE,30,227.84933145694342
Dallin Holker,NO,TE,30,233.48056042639257
Dalton Keene,HOU,TE,30,233.48056042639257
Dalton Kincaid,BUF,TE,30,233.67744349261457
Dalton Schultz,HOU,TE,30,232.14870788947852
Daniel Bellinger,NYG,TE,30,228.64586961010804
Darnell Washington,PIT,TE,30,228.6889567001632
Darren Waller,NYG,TE,30,228.6889567001632
David Martin-Robinson,TEN,TE,30,184.88245063349387
David Njoku,CLE,TE,30,226.26202445529103
David Wells,TB,TE,30,206.13004308691436
Davis Allen,LA,TE,30,228.7621226407054
Dawson Knox,BUF,TE,30,236.17519357138463
Devin Culp,TB,TE,30,228.64586961010804
Devon Garrison,SEA,TE,30,106.58776745998425
Dominique Dafney,CAR,TE,30,217.46318652345008
Donald Parham,DEN,TE,30,227.84933145694342
Drew Sample,CIN,TE,30,228.7621226407054
Durham Smythe,MIA,TE,30,228.57270366956578
Dylan Leonard,DEN,TE,30,106.58776745998425
E.J. Jenkins,PHI,TE,30,183.6711058137555
Elijah Higgins,ARI,TE,30,224.66247101825707
Eric Saubert,SF,TE,30,228.7621226407054
Eric Tomlinson,LAC,TE,30,216.31028085602486
Erick All,CIN,TE,30,228.64586961010804
Evan Engram,JAX,TE,30,228.7621226407054
Feleipe Franks,CAR,TE,30,185.16023894578944
Foster Moreau,NO,TE,30,226.1888585147488
Geoff Swaim,CLE,TE,30,195.93007156019507
Geor'Quarius Spivey,KC,TE,30,106.58776745998425
George Kittle,SF,TE,30,226.1888585147488
Gerald Everett,CHI,TE,30,228.64586961010804
Gerrit Prince,KC,TE,30,106.58776745998425
Giovanni Ricci,CLE,TE,30,192.71500582544533
Grant Calcaterra,PHI,TE,30,228.6889567001632
Greg Dulcich,NYG,TE,30,228.64586961010804
Harrison Bryant,LV,TE,30,228.64586961010804
Hayden Hurst,LAC,TE,30,228.64586961010804
Hayden Rucci,MIA,TE,30,106.58776745998425
Henry Pearson,GB,TE,30,106.58776745998425
Hunter Henry,NE,TE,30,233.67744349261457
Hunter Kampmoyer,DEN,TE,30,106.58776745998425
Hunter Long,LA,TE,30,228.64586961010804
Ian Thomas,CAR,TE,30,233.48056042639257
Irv Smith,HOU,TE,30,192.71500582544533
Isaac Rex,LAC,TE,30,106.58776745998425
Isaiah Likely,BAL,TE,30,233.67509538597022
Ja'Tavion Sanders,CAR,TE,30,228.6889567001632
Jack Stoll,MIA,TE,30,216.1355886731143
Jack Westover,NE,TE,30,106.58776745998425
Jacob Hollister,CAR,TE,30,224.73563695879932
Jacob Warren,NE,TE,30,106.58776745998425
Jaheim Bell,NE,TE,30,216.1355886731143
Jake Ferguson,DAL,TE,30,228.57270366956578
Jake Tonges,SF,TE,30,109.01630427541232
James Mitchell,DET,TE,30,216.1355886731143
Jared Wiley,KC,TE,30,195.93007156019507
Jelani Woods,IND,TE,30,227.84933145694342
Jeremy Ruckert,NYJ,TE,30,228.57270366956578
Jesper Horsted,CAR,TE,30,196.30384505634754
Joel Wilson,CHI,TE,30,106.58776745998425
John Bates,WAS,TE,30,228.57270366956578
John FitzPatrick,GB,TE,30,192.71500582544533
John Shenker,LV,TE,30,195.93007156019507
John Stephens Jr.,DAL,TE,30,106.58776745998425
Johnny Lumpkin,GB,TE,30,106.58776745998425
Johnny Mundt,MIN,TE,30,224.66247101825707
Jonnu Smith,MIA,TE,30,233.67509538597022
Jordan Akins,CLE,TE,30,236.86430393130092
Jordan Matthews,CAR,TE,30,109.01630427541232
Jordan Murray,NYG,TE,30,106.58776745998425
Joseph Fortson,KC,TE,30,165.639554544695
Josh Oliver,MIN,TE,30,227.84933145694342
Josh Pederson,JAX,TE,30,106.58776745998425
Josh Whyle,TEN,TE,30,228.6889567001632
Josiah Deguara,JAX,TE,30,233.48056042639257
Julian Hill,MIA,TE,30,228.57270366956578
Justin Shorter,LV,TE,30,106.58776745998425
Juwan Johnson,NO,TE,30,227.84933145694342
Kenny Yeboah,NYJ,TE,30,228.7621226407054
Kevin Foelsch,PHI,TE,30,106.58776745998425
Kevin Rader,NO,TE,30,184.1033184622211
Ko Kieft,TB,TE,30,180.08226658285326
Kyle Pitts,ATL,TE,30,235.33556832816487
Kylen Granson,IND,TE,30,228.57270366956578
La'Michael Pettway,NE,TE,30,106.58776745998425
Lawrence Cager,WAS,TE,30,228.7621226407054
Lincoln Sefcik,NYJ,TE,30,106.58776745998425
Logan Thomas,SF,TE,30,235.20383098910628
Lucas Krull,DEN,TE,30,228.64586961010804
Luke Benson,LAC,TE,30,106.58776745998425
Luke Farrell,JAX,TE,30,228.64586961010804
Luke Musgrave,GB,TE,30,228.64586961010804
Luke Schoonmaker,DAL,TE,30,228.7621226407054
Marcedes Lewis,CHI,TE,30,192.34123232929284
Mark Andrews,BAL,TE,30,233.67509538597022
Mason Fairchild,NO,TE,30,106.58776745998425
Mason Pline,SF,TE,30,106.58776745998425
Matt Sokol,PIT,TE,30,106.58776745998425
McCallan Castles,LAC,TE,30,106.58776745998425
Messiah Swinson,GB,TE,30,106.58776745998425
Michael Ezeike,SEA,TE,30,106.58776745998425
Michael Jacobson,NO,TE,30,106.58776745998425
Michael Mayer,LV,TE,30,228.64586961010804
Mike Gesicki,CIN,TE,30,233.67744349261457
Mike Rigerman,BAL,TE,30,106.58776745998425
Miller Forristall,LA,TE,30,109.01630427541232
Mitchell Wilcox,NE,TE,30,228.64586961010804
Mo Alie-Cox,IND,TE,30,228.6889567001632
MyCole Pruitt,PIT,TE,30,224.73563695879932
N'Keal Harry,SEA,TE,30,228.7621226407054
Nate Adkins,DEN,TE,30,227.84933145694342
Neal Johnson,NYJ,TE,30,106.58776745998425
Nick Muse,PHI,TE,30,195.93007156019507
Nick Vannett,TEN,TE,30,227.84933145694342
Nikola Kalinic,LA,TE,30,106.58776745998425
Noah Fant,SEA,TE,30,228.6889567001632
Noah Gray,KC,TE,30,233.67509538597022
Parker Hesse,DET,TE,30,228.64586961010804
Pat Freiermuth,PIT,TE,30,233.67509538597022
Patrick Murtagh,JAX,TE,30,106.58776745998425
Payne Durham,TB,TE,30,224.73563695879932
Peyton Hendershot,KC,TE,30,228.64586961010804
Pharaoh Brown,SEA,TE,30,228.64586961010804
Princeton Fant,DAL,TE,30,106.58776745998425
Quintin Morris,BUF,TE,30,228.7621226407054
Riley Sharp,BAL,TE,30,106.58776745998425
Robert Tonyan,KC,TE,30,228.64586961010804
Rod Williams,PIT,TE,30,109.01630427541232
Ross Dwelley,ATL,TE,30,196.30384505634754
Sage Surratt,ARI,TE,30,106.58776745998425
Sal Cannella,TB,TE,30,106.58776745998425
Sam LaPorta,DET,TE,30,233.67509538597022
Sammis Reyes,MIN,TE,30,106.58776745998425
Scotty Washington,BAL,TE,30,106.58776745998425
Sean McKeon,IND,TE,30,108.24051852009778
Shane Zylstra,DET,TE,30,195.93007156019507
Shawn Bowman,JAX,TE,30,106.58776745998425
Stephen Carlson,CHI,TE,30,183.72954496606863
Stephen Sullivan,CAR,TE,30,109.01630427541232
Steven Stilianos,TEN,TE,30,106.58776745998425
Stone Smartt,LAC,TE,30,228.64586961010804
T.J. Hockenson,MIN,TE,30,228.7621226407054
Tanner Hudson,CIN,TE,30,228.7621226407054
Tanner McLachlan,CIN,TE,30,106.58776745998425
Tanner Taula,TB,TE,30,106.58776745998425
Taysom Hill,NO,TE,30,228.64586961010804
Teagan Quitoriano,HOU,TE,30,216.1355886731143
Theo Johnson,NYG,TE,30,228.7621226407054
Thomas Odukoya,TEN,TE,30,106.58776745998425
Thomas Yassmin,DEN,TE,30,106.58776745998425
Tip Reiman,ARI,TE,30,228.64586961010804
Tommy Hudson,NO,TE,30,233.48056042639257
Tommy Sweeney,CHI,TE,30,195.93007156019507
Tommy Tremble,CAR,TE,30,224.73563695879932
Travis Kelce,KC,TE,30,235.33556832816487
Travis Vokolek,ARI,TE,30,106.58776745998425
Tre' McKitty,CLE,TE,30,228.64586961010804
Trevon Wesco,LV,TE,30,183.72954496606863
Trey Knox,MIN,TE,30,106.58776745998425
Trey McBride,ARI,TE,30,233.67744349261457
Treyton Welch,NO,TE,30,106.58776745998425
Tucker Fisk,LAC,TE,30,228.64586961010804
Tucker Kraft,GB,TE,30,233.67509538597022
Tyler Conklin,NYJ,TE,30,236.86430393130092
Tyler Davis,GB,TE,30,228.64586961010804
Tyler Higbee,LA,TE,30,227.92249739748564
Tyler Mabry,SEA,TE,30,196.04632459079244
Tyree Jackson,WAS,TE,30,233.59681345699
Will Dissly,LAC,TE,30,233.67744349261457
Will Mallory,IND,TE,30,229.9734674604438
Zach Davidson,BUF,TE,30,184.1033184622211
Zach Ertz,WAS,TE,30,233.67509538597022
Zach Gentry,LV,TE,30,228.57270366956578
Zach Heins,LAC,TE,30,106.58776745998425
Zack Kuntz,NYJ,TE,30,106.58776745998425
Zaire Mitchell-Paden,BAL,TE,30,106.58776745998425
