player_name,team,position,enhanced_prediction
Aaron Rodgers,NYJ,QB,259.69062714922126
Adrian Martinez,NYJ,QB,109.43398231223031
Aidan O'Connell,LV,QB,127.21594282624896
Andrew Peasley,NYJ,QB,109.43398231223031
Andy Dalton,CAR,QB,24.337292173182902
Anthony Brown,BUF,QB,85.52595784795263
Anthony Richardson,IND,QB,310.421394981526
Austin Reed,CHI,QB,163.5093366340096
Bailey Zappe,CLE,QB,83.20334628022478
Baker Mayfield,TB,QB,324.5849994695212
Ben DiNucci,NO,QB,100.15194592859656
Bo Nix,DEN,QB,351.07420755368696
Brandon Allen,SF,QB,-33.088225755164586
Brett Rypien,MIN,QB,88.45788334580865
Brock Purdy,SF,QB,345.62765876057756
Bryce Young,CAR,QB,258.5642431077836
C.J. Beathard,JAX,QB,-27.531155967354863
C.J. Stroud,HOU,QB,363.0507265657965
Caleb Williams,CHI,QB,408.40435712220847
Carson Wentz,KC,QB,93.52904971555911
Carter Bradley,LV,QB,79.89801874291749
Case Keenum,HOU,QB,35.623573441821975
Casey Bauman,LAC,QB,78.00687914620767
Chris Oladokun,KC,QB,13.54010015495922
Clayton Tune,ARI,QB,204.700823793495
Cooper Rush,DAL,QB,74.10753604979233
Dak Prescott,DAL,QB,209.49350720145193
Daniel Jones,MIN,QB,165.8425545329805
Davis Mills,HOU,QB,96.61602532967822
Derek Carr,NO,QB,208.08253236500605
Deshaun Watson,CLE,QB,116.55718500537924
Desmond Ridder,LV,QB,65.7284664191837
Devin Leary,BAL,QB,121.49224134736698
Dorian Thompson-Robinson,CLE,QB,37.12804576832116
Drake Maye,NE,QB,377.0334453810386
Dresser Winn,LA,QB,40.69626496989767
Drew Lock,NYG,QB,54.97753421835856
E.J. Perry,JAX,QB,76.8931457921327
Easton Stick,LAC,QB,12.28518554362472
Emory Jones,ATL,QB,68.47512714730821
Gardner Minshew,LV,QB,126.84525099565425
Gavin Hardison,MIA,QB,72.68892333778496
Geno Smith,SEA,QB,268.0615894615613
Hendon Hooker,DET,QB,20.653066154371118
Ian Book,PHI,QB,107.81224137116794
J.J. McCarthy,MIN,QB,160.54420864019406
Jack Plummer,CAR,QB,36.99100866100869
Jacoby Brissett,NE,QB,31.824840420308902
Jake Browning,CIN,QB,12.0218740276147
Jake Fromm,DET,QB,44.002943455496776
Jake Haener,NO,QB,127.41634719068914
Jake Luton,LV,QB,141.4377396282559
Jalen Hurts,PHI,QB,674.5626187238804
Jameis Winston,CLE,QB,127.32323434616922
Jared Goff,DET,QB,403.913780863153
Jaren Hall,SEA,QB,20.545169133984587
Jarrett Stidham,DEN,QB,46.17657209302753
Jason Bean,IND,QB,68.47512714730821
Jayden Daniels,WAS,QB,360.357411790215
Jeff Driskel,WAS,QB,-13.011389993256273
Jimmy Garoppolo,LA,QB,115.10834455327937
Joe Burrow,CIN,QB,354.0354153333538
Joe Flacco,IND,QB,166.79878214515006
Joe Milton III,NE,QB,186.75411358845713
John Paddock,ATL,QB,68.47512714730821
John Wolford,JAX,QB,18.484885930584085
Jordan Love,GB,QB,342.04558012467237
Jordan Travis,NYJ,QB,109.43398231223031
Josh Allen,BUF,QB,503.6988503765063
Josh Johnson,BAL,QB,16.80155255364727
Joshua Dobbs,SF,QB,63.684618015952864
Justin Fields,PIT,QB,358.9081842218055
Justin Herbert,LAC,QB,239.39134330364516
Kedon Slovis,HOU,QB,108.56246745350353
Kenny Pickett,PHI,QB,77.37669028340859
Kirk Cousins,ATL,QB,177.67957531051619
Kyle Allen,PIT,QB,-42.68963711333146
Kyle Trask,TB,QB,13.90348198223387
Kyler Murray,ARI,QB,386.32331613902517
Lamar Jackson,BAL,QB,534.6424045713021
Logan Woodside,CIN,QB,-16.028763446116812
Luis Perez,LAC,QB,78.00687914620767
Mac Jones,JAX,QB,200.0172596519538
Malik Willis,GB,QB,22.47372364435944
Marcus Mariota,WAS,QB,52.58952771657506
Mason Rudolph,TEN,QB,119.00830277739654
Matt Corral,MIN,QB,160.54420864019406
Matt Ryan,ATL,QB,249.1984294865914
Matthew Stafford,LA,QB,320.1153392957334
Max Duggan,LAC,QB,78.00687914620767
Michael Penix Jr.,ATL,QB,172.99195362374655
Michael Pratt,TB,QB,59.349312404992446
Mike White,BUF,QB,28.00078615874702
Mitchell Trubisky,BUF,QB,50.8684780412252
Nate Sudfeld,DET,QB,23.30726750820139
Nathan Peterman,ATL,QB,-19.496317622621746
Nathan Rourke,NYG,QB,218.28534861795012
Nick Mullens,MIN,QB,35.968826336535244
PJ Walker,SEA,QB,68.10481854318043
Patrick Mahomes,KC,QB,399.5355959539227
Rocky Lombardi,CIN,QB,76.8931457921327
Russell Wilson,PIT,QB,262.9744251514265
Sam Darnold,MIN,QB,108.8305188126272
Sam Ehlinger,IND,QB,16.316453635628676
Sam Hartman,WAS,QB,121.49224134736698
Sam Howell,SEA,QB,28.193385788233996
Sean Clifford,GB,QB,12.07351049694833
Shane Buechele,BUF,QB,93.22618246469818
Skylar Thompson,MIA,QB,201.31683354097385
Spencer Rattler,NO,QB,84.35719754766615
Stetson Bennett,LA,QB,40.69626496989767
Tanner McKee,PHI,QB,139.365883081962
Tanner Mordecai,SF,QB,104.93258200174546
Taylor Heinicke,LAC,QB,70.7038147172961
Teddy Bridgewater,DET,QB,-17.504751163889694
Tim Boyle,NYG,QB,130.72648008584116
Tommy DeVito,NYG,QB,15.197537836563612
Trace McSorley,WAS,QB,18.213011485258903
Trevor Lawrence,JAX,QB,309.9926664533177
Trevor Siemian,TEN,QB,25.05368039125321
Trey Lance,DAL,QB,-2.472682222880877
Tua Tagovailoa,MIA,QB,284.2659164855614
Tyler Huntley,MIA,QB,23.561347703447268
Tyrod Taylor,NYJ,QB,40.21166350783005
Tyson Bagent,CHI,QB,50.047997997359516
Will Grier,DAL,QB,65.67236395111532
Will Levis,TEN,QB,148.25880042536053
Zach Wilson,DEN,QB,140.38456644951097
Zack Annexstad,TB,QB,59.349312404992446
AJ Dillon,GB,RB,205.2887519045148
Aaron Jones,MIN,RB,427.66189517990733
Aaron Shampklin,PIT,RB,45.76035290746779
Adam Prentice,NO,RB,-10.480201163775803
Aidan Robbins,CLE,RB,68.51990374140195
Alec Ingold,MIA,RB,56.91027877591864
Alexander Mattison,LV,RB,206.54725178264297
Alvin Kamara,NO,RB,478.7054219088933
Ameer Abdullah,LV,RB,161.68082494837105
Andrew Beck,HOU,RB,44.82762136647224
Anthony McFarland,MIA,RB,4.884465091470048
Antonio Gibson,NE,RB,236.33896738069132
Audric Estim√©,DEN,RB,158.1443819626171
Austin Ekeler,WAS,RB,361.6207548133266
Austin Jones,WAS,RB,267.9836263415664
Avery Williams,ATL,RB,256.234617118814
Bam Knight,NYJ,RB,30.148714859171236
Bijan Robinson,ATL,RB,576.2513531425413
Blake Corum,LA,RB,222.47295205301447
Blake Watson,DEN,RB,69.91340422540374
Boston Scott,PIT,RB,114.75094581557978
Braelon Allen,NYJ,RB,349.7201071736928
Breece Hall,NYJ,RB,510.4243165718456
Brian Robinson,WAS,RB,283.04315698844744
British Brooks,HOU,RB,68.85851438556175
Brittain Brown,SEA,RB,72.5073514054705
Bryant Koback,SEA,RB,72.5073514054705
Bucky Irving,TB,RB,581.4244477775344
C.J. Ham,MIN,RB,27.27850896445395
Cam Akers,MIN,RB,147.74345185799683
Carlos Washington,ATL,RB,37.54483301837462
Carson Steele,KC,RB,164.81641894662073
Chase Brown,CIN,RB,311.4709237848973
Chase Edmonds,TB,RB,147.66987512827822
Chris Brooks,GB,RB,80.13012924491231
Chris Collier,LV,RB,141.67604415776984
Chris Evans,CIN,RB,39.13449031663896
Chris Rodriguez Jr.,WAS,RB,68.37373212445365
Christian McCaffrey,SF,RB,394.4195674617092
Chuba Hubbard,CAR,RB,289.99993863899283
Clyde Edwards-Helaire,NO,RB,12.472530973799167
Cody Schrader,LA,RB,67.44213920240227
Colson Yankoff,WAS,RB,267.9836263415664
Cordarrelle Patterson,PIT,RB,182.7358863292779
Craig Reynolds,DET,RB,62.53062301221573
D'Andre Swift,CHI,RB,396.7171239712808
D'Ernest Johnson,JAX,RB,109.99661626294552
D'Onta Foreman,CLE,RB,122.04515884971674
D.J. Williams,TB,RB,82.84996241916868
Daijun Edwards,PIT,RB,43.01390397092291
Dalvin Cook,DAL,RB,60.163691421609386
Dameon Pierce,HOU,RB,78.86191978543836
Dante Miller,NYG,RB,128.518269792826
Dare Ogunbowale,HOU,RB,93.92336439171119
Darrynton Evans,CHI,RB,71.92489901616626
David Montgomery,DET,RB,430.9025602663488
De'Von Achane,MIA,RB,461.9804322377948
DeShaun Fenwick,GB,RB,136.8352211844564
DeWayne McBride,MIN,RB,82.24332367950157
DeeJay Dallas,ARI,RB,84.53702209851727
Demetric Felton,WAS,RB,52.12487797806452
Deneric Prince,MIA,RB,43.01390397092291
Deon Jackson,NYJ,RB,120.23400050083302
Derrick Henry,BAL,RB,613.0540340170401
Deuce Vaughn,DAL,RB,80.32712249909679
Devin Singletary,NYG,RB,160.42525209409067
Dillon Johnson,CAR,RB,163.10384108528618
Dylan Laube,LV,RB,104.02110656572087
Elijah Collins,CIN,RB,185.5851753830704
Elijah Dotson,ATL,RB,109.434818204017
Elijah Mitchell,SF,RB,61.14908073013923
Ellis Merriweather,GB,RB,136.8352211844564
Emani Bailey,CAR,RB,163.10384108528618
Emanuel Wilson,GB,RB,160.6280940241804
Emari Demercado,ARI,RB,121.33160849984704
Eric Gray,NYG,RB,34.154749635741325
Evan Hull,IND,RB,58.90931723063969
Ezekiel Elliott,LAC,RB,268.0150329771211
Frank Gore Jr.,BUF,RB,193.3911844241274
Gary Brightwell,CIN,RB,73.56280108646082
George Holani,SEA,RB,133.53727881616294
Gus Edwards,LAC,RB,128.9058545304077
Hassan Hall,ARI,RB,155.21827213415116
Hassan Haskins,LAC,RB,119.37382111946589
Hunter Luepke,DAL,RB,92.84849531089768
Ian Wheeler,CHI,RB,98.11524692663943
Isaac Guerendo,SF,RB,220.18431445184237
Isaiah Davis,NYJ,RB,69.18274485268104
Isaiah Spiller,LV,RB,59.23887083389192
Isiah Pacheco,KC,RB,277.9786000709187
Israel Abanikanda,SF,RB,38.53758676227511
J.J. Taylor,HOU,RB,19.700080653258937
J.K. Dobbins,LAC,RB,201.75086556173486
JaMycal Hasty,NE,RB,57.639802016271176
Jabari Small,TEN,RB,163.10384108528618
Jack Colletto,PIT,RB,43.01390397092291
Jacob Kibodi,CLE,RB,34.03215119639651
Jacob Saylors,CLE,RB,68.51990374140195
Jaden Shirden,CAR,RB,163.10384108528618
Jahmyr Gibbs,DET,RB,633.9452226463524
Jake Funk,JAX,RB,105.9677276346341
Jakob Johnson,NYG,RB,17.504514728311506
Jaleel McLaughlin,DEN,RB,262.3630591848438
Jalen Jackson,JAX,RB,185.5851753830704
Jamaal Williams,NO,RB,37.629386518893426
James Conner,ARI,RB,416.5919902470475
James Cook,BUF,RB,419.5051817364324
James Robinson,NO,RB,111.58602007381593
Jaret Patterson,LAC,RB,59.37608351519823
Jarveon Howard,GB,RB,136.8352211844564
Jase McClellan,ATL,RB,228.02834175668522
Jashaun Corbin,NYG,RB,103.46287370946577
Javonte Williams,DEN,RB,262.81096323761574
Jawhar Jordan,HOU,RB,69.3970203129178
Jaylen Warren,PIT,RB,267.0449824731698
Jaylen Wright,MIA,RB,175.22969717625298
Jeff Wilson,MIA,RB,110.28585182634463
Jeremy McNichols,WAS,RB,94.59825992176675
Jermar Jefferson,DET,RB,63.208803445524225
Jerome Ford,CLE,RB,212.8473321179583
Joe Mixon,HOU,RB,569.5362502660831
John Kelly,CLE,RB,-4.876325660669181
Jonathan Taylor,IND,RB,269.77377474978636
Jonathan Ward,PIT,RB,50.27437464059912
Jonathon Brooks,CAR,RB,58.37030715988311
Jordan Mason,SF,RB,98.55539145366431
Jordan Mims,NO,RB,30.990766616004294
Josh Jacobs,GB,RB,548.5967504103718
Joshua Kelley,TEN,RB,68.02088326559611
Julius Chestnut,TEN,RB,42.5872171436466
Justice Hill,BAL,RB,199.9179804974282
Kairee Robinson,SEA,RB,72.5073514054705
Kareem Hunt,KC,RB,217.3007735723352
Kazmeir Allen,WAS,RB,267.9836263415664
Ke'Shawn Vaughn,SF,RB,13.637152279790882
Keaontay Ingram,KC,RB,85.58998322889397
Keaton Mitchell,BAL,RB,66.62467726324513
Keilan Robinson,JAX,RB,185.5851753830704
Kendall Milton,CIN,RB,185.5851753830704
Kendre Miller,NO,RB,84.5984611163226
Kene Nwangwu,NYJ,RB,2.519453233406523
Kenneth Gainwell,PHI,RB,235.0256645741391
Kenneth Walker III,SEA,RB,380.96409157374177
Kenny McIntosh,SEA,RB,96.38174696201976
Kevin Harris,NE,RB,70.521908259172
Khalil Herbert,CIN,RB,165.7047537674783
Khari Blasingame,PHI,RB,23.61772472280242
Kimani Vidal,LAC,RB,190.66099249599466
Kobe Lewis,SEA,RB,72.5073514054705
Kyle Juszczyk,SF,RB,109.20074823066446
Kyren Williams,LA,RB,401.32692809310925
La'Mical Perine,PIT,RB,11.1433445608655
Lew Nichols III,PHI,RB,88.2998926142723
Lorenzo Lingard,NYG,RB,128.518269792826
Louis Rees-Zammit,JAX,RB,185.5851753830704
Malik Davis,DAL,RB,166.25014564011764
MarShawn Lloyd,GB,RB,106.32736843570703
Markese Stepp,NYJ,RB,68.51990374140195
Matt Breida,SF,RB,150.47720520372974
Michael Burton,DEN,RB,6.636495636815567
Michael Carter,ARI,RB,60.4546950980431
Michael Wiley,WAS,RB,267.9836263415664
Mike Boone,CAR,RB,32.23558951508238
Miles Sanders,CAR,RB,150.32341950453863
Mohamed Ibrahim,MIN,RB,82.24332367950157
Myles Gaskin,JAX,RB,103.48383055734233
Najee Harris,PIT,RB,359.97816400975273
Nate McCrary,GB,RB,148.5366276091815
Nathaniel Peat,DAL,RB,413.5360859603094
Nick Bawden,HOU,RB,13.073461799013785
Nick Chubb,CLE,RB,136.66000297482356
Noah Cain,CIN,RB,185.5851753830704
Nyheim Hines,CLE,RB,119.20531888914348
Owen Wright,BAL,RB,282.58389256016187
Patrick Ricard,BAL,RB,7.345772088126864
Patrick Taylor,SF,RB,17.48733468405709
Pierre Strong,CLE,RB,115.06867740522446
Rachaad White,TB,RB,448.3815087033928
Raheem Blackshear,CAR,RB,31.35402895980323
Raheem Mostert,MIA,RB,270.18895497657695
Ramon Jefferson,TB,RB,82.84996241916868
Rashaad Penny,CAR,RB,104.2769713082262
Rasheen Ali,BAL,RB,147.3722938944502
Ray Davis,BUF,RB,372.63970764426773
Reggie Gilliam,BUF,RB,67.98322459735536
Rhamondre Stevenson,NE,RB,351.06964067728575
Rico Dowdle,DAL,RB,165.671621197352
Robert Burns,ATL,RB,37.54483301837462
Ronnie Rivers,LA,RB,22.508265662377795
Roschon Johnson,CHI,RB,115.79497447667968
Royce Freeman,LA,RB,114.11180602386288
SaRodorick Thompson Jr.,LA,RB,38.41803634855603
Salvon Ahmed,IND,RB,96.75966022530267
Sam Schnee,TEN,RB,163.10384108528618
Samaje Perine,KC,RB,160.8818100222378
Saquon Barkley,PHI,RB,447.81634253795016
Scott Matlock,LAC,RB,7.5040345921550795
Sean Tucker,TB,RB,79.33529794599927
Sincere McCormick,LV,RB,83.95654102165658
Sione Vaki,DET,RB,40.6203025771554
Snoop Conner,DAL,RB,190.92524614343955
Spencer Brown,ATL,RB,93.16592587546124
TaMerik Williams,SEA,RB,72.5073514054705
Tank Bigsby,JAX,RB,223.48821673755762
Tarik Cohen,NYJ,RB,249.31677010284554
Terrell Jennings,NE,RB,158.7228582589878
Tony Jones,ARI,RB,34.37960830068306
Tony Pollard,TEN,RB,420.8287485244349
Travis Etienne,JAX,RB,351.9297009345389
Travis Homer,CHI,RB,25.17188933203795
Trayveon Williams,CIN,RB,11.621748137458525
Trent Pennix,IND,RB,37.54483301837462
Trey Benson,ARI,RB,180.70917309902757
Trey Sermon,IND,RB,67.11915994932927
Troy Hairston,HOU,RB,19.90273305986213
Ty Chandler,MIN,RB,142.0235642236498
Ty Johnson,BUF,RB,125.45752972467912
Tyjae Spears,TEN,RB,187.51863031374063
Tyler Allgeier,ATL,RB,191.73092380675328
Tyler Badie,DEN,RB,-10.108786675273308
Tyler Goodson,IND,RB,101.1702288630176
Tyreik McAllister,LV,RB,95.88713745123923
Tyrion Davis-Price,PHI,RB,110.3720410145252
Tyrone Tracy Jr.,NYG,RB,266.49904862236883
Velus Jones Jr.,CAR,RB,19.293956306944324
Will Shipley,PHI,RB,65.53242736167472
Xazavian Valladay,NO,RB,98.11524692663943
Zach Charbonnet,SEA,RB,276.70415012641297
Zach Evans,NYJ,RB,119.28658625877756
Zack Moss,CIN,RB,159.38110658381726
Zamir White,LV,RB,90.83043261612406
Zander Horvath,MIA,RB,153.669604733429
Zavier Scott,MIN,RB,82.24332367950157
A.J. Brown,PHI,WR,455.35887646513936
A.T. Perry,DEN,WR,191.2082305011582
Adam Thielen,CAR,WR,294.66155128956393
Adonai Mitchell,IND,WR,103.18522198662421
Ahmarean Brown,BUF,WR,108.13100659196603
Ainias Smith,PHI,WR,79.18479896897468
Alec Pierce,IND,WR,219.63390263469972
Alex Bachman,LV,WR,24.18261942742909
Alex Erickson,HOU,WR,79.76655049941076
Alex McGough,GB,WR,59.90105820004486
Allen Lazard,NYJ,WR,89.88988177255227
Allen Robinson,DET,WR,84.70986499939096
Amari Cooper,BUF,WR,146.37949540573487
Amon-Ra St. Brown,DET,WR,436.47640681220963
Andre Baccellia,ARI,WR,21.11640692673619
Andrei Iosivas,CIN,WR,107.8736799294155
Andy Isabella,PIT,WR,4.467948684934612
Anthony Gould,IND,WR,87.91833646883097
Anthony Miller,BAL,WR,60.93303366813551
Anthony Schwartz,MIA,WR,44.082472255137645
Antoine Green,DET,WR,49.38888148154177
Ashton Dulin,IND,WR,78.32894607611657
Austin Mack,ATL,WR,20.73098432294772
Austin Trammell,JAX,WR,25.84433517707447
Austin Watkins Jr.,PHI,WR,73.89755140403152
Ayir Asante,NYG,WR,214.03774188409088
Ben Skowronek,PIT,WR,63.32870365748211
Bo Melton,GB,WR,55.37075391213932
Brandin Cooks,DAL,WR,135.86980364112017
Brandon Aiyuk,SF,WR,228.08145856904048
Brandon Johnson,PIT,WR,11.156635716284
Brandon Powell,MIN,WR,29.035228315919937
Brandon Smith,NYJ,WR,51.80528594159023
Braxton Berrios,MIA,WR,7.223748120495003
Braylon Sanders,NE,WR,17.823363272209207
Brenden Rice,LAC,WR,52.19467963379735
Brevin Easton,JAX,WR,125.68011803363001
Brian Thomas Jr.,JAX,WR,534.7877066192164
Britain Covey,PHI,WR,42.74563763272889
Bryan Thompson,BUF,WR,108.13100659196603
Bryce Ford-Wheaton,NYG,WR,214.03774188409088
Bryce Oliver,TEN,WR,-11.680661571532738
Brycen Tremayne,WAS,WR,32.46131947926132
Bub Means,NO,WR,61.62984782780043
Byron Pringle,WAS,WR,51.882985826656906
Calvin Austin III,PIT,WR,224.77146868617686
Calvin Ridley,TEN,WR,274.185170802975
Cam Johnson,CAR,WR,111.30057998914747
Cam Sims,CAR,WR,28.63324980874114
Casey Washington,ATL,WR,43.22642055500697
Cedric Tillman,CLE,WR,114.73083344237673
Cedrick Wilson Jr.,NO,WR,76.77126050327342
CeeDee Lamb,DAL,WR,478.29392395683254
Cephus Johnson III,TB,WR,42.819089806421005
Charlie Jones,CIN,WR,42.28654094377637
Chase Claypool,BUF,WR,135.03759831120095
Chase Cota,NYG,WR,214.03774188409088
Chris Blair,ATL,WR,40.197546792432306
Chris Conley,SF,WR,33.316554657658486
Chris Godwin,TB,WR,268.7568357821962
Chris Moore,WAS,WR,95.26209802137515
Chris Olave,NO,WR,318.640568841679
Christian Kirk,JAX,WR,229.4746601478911
Christian Watson,GB,WR,108.2034018381862
Cody Thompson,TB,WR,5.329988058478506
Cody White,SEA,WR,22.823444705412825
Cole Burgess,CIN,WR,125.68011803363001
Collin Johnson,CHI,WR,-0.45537594252527924
Colton Dowell,TEN,WR,22.780480257860404
Cooper Kupp,LA,WR,339.25422991693216
Corey Crooms,DAL,WR,114.61104890251978
Cornelius Johnson,GB,WR,59.90105820004486
Cornell Powell,SEA,WR,80.70952549620452
Courtland Sutton,DEN,WR,211.93512598267597
Curtis Samuel,BUF,WR,121.87551342187916
D.J. Montgomery,IND,WR,67.9436731800313
DJ Chark,LAC,WR,74.0365923430723
DJ Moore,CHI,WR,441.31896007888736
DJ Turner,LV,WR,46.28830424222119
DK Metcalf,SEA,WR,328.65433830924474
Damiere Byrd,BUF,WR,1.3942968181710285
Dan Chisena,CAR,WR,-12.12962720459032
Daniel Arias,ARI,WR,52.19467963379735
Danny Gray,PHI,WR,56.36373245382306
Dante Pettis,NO,WR,48.39125799431771
Dareke Young,SEA,WR,43.026354975982215
Darius Slayton,NYG,WR,200.84830212873652
Darnell Mooney,ATL,WR,195.3203477625785
Daurice Fountain,DET,WR,59.67550737492692
Davante Adams,NYJ,WR,393.427315279152
David Bell,CLE,WR,81.75241938309225
David Durden,DAL,WR,114.61104890251978
David Moore,CAR,WR,82.21419296333298
David Sills,DEN,WR,18.20310885095857
David Wallis,NE,WR,51.80528594159023
David White Jr.,JAX,WR,125.68011803363001
Davion Davis,WAS,WR,33.414136814196326
Dax Milne,CAR,WR,-1.3845017694984847
Daylen Baldwin,ARI,WR,66.24743319988336
Dayton Wade,BAL,WR,59.73959357881408
DeAndre Carter,CHI,WR,67.32427447524952
DeAndre Hopkins,KC,WR,136.81046107016803
DeVante Parker,PHI,WR,136.06411652994373
DeVonta Smith,PHI,WR,309.01279052739005
Dee Eskridge,MIA,WR,33.1650315227394
Dee Williams,NYG,WR,214.03774188409088
Deebo Samuel Sr.,SF,WR,242.3507851967309
Demarcus Robinson,LA,WR,118.74374946523653
Demario Douglas,NE,WR,223.21091379233485
Dennis Houston,TB,WR,35.685127315491485
Denzel Mims,PIT,WR,66.8585289900697
Deon Cain,BUF,WR,53.43154041855537
Deontay Burnett,DAL,WR,66.22791924777701
Deonte Harty,BAL,WR,47.967288703681476
Derek Slywka,IND,WR,102.58014248600627
Derius Davis,LAC,WR,62.81004517642076
Devaughn Vele,DEN,WR,178.0979060099803
Deven Thompkins,CAR,WR,-3.035709971947199
Devin Carter,CAR,WR,111.30057998914747
Devin Duvernay,JAX,WR,63.67117892457891
Devontez Walker,BAL,WR,51.137942889981744
Devron Harper,MIN,WR,390.80608417772333
Dez Fitzpatrick,LAC,WR,73.25375493305732
Dimitri Stanley,GB,WR,59.90105820004486
Diontae Johnson,HOU,WR,100.53569697222596
Donovan Peoples-Jones,DET,WR,103.19670238911637
Dontayvion Wicks,GB,WR,122.49467183412459
Drake London,ATL,WR,419.8732564573026
Drake Stoops,LA,WR,102.78206282062327
Duece Watts,PIT,WR,108.24859983052457
Dyami Brown,WAS,WR,65.5048551453629
Dylan Drummond,ATL,WR,102.58014248600627
Easop Winston,NYJ,WR,20.30322117470206
Elijah Cooks,PHI,WR,39.05206746228387
Elijah Moore,CLE,WR,226.71356765006152
Equanimeous St. Brown,NO,WR,57.08665823536262
Erik Ezukanma,MIA,WR,52.38095252884894
Ethan Fernea,IND,WR,102.58014248600627
Freddie Swain,CHI,WR,59.76067449527939
Gabe Davis,JAX,WR,92.89192123142709
Garrett Wilson,NYJ,WR,416.6373582815109
George Pickens,PIT,WR,288.7889683079584
Grant DuBose,MIA,WR,48.23892534646566
Greg Dortch,ARI,WR,136.02737386474143
Griffin Hebert,PHI,WR,73.89755140403152
Gunner Olszewski,NYG,WR,40.0156278092027
Hakeem Butler,CIN,WR,70.78194343290946
Hamze El-Zayat,NYJ,WR,51.80528594159023
Hayden Hatten,SEA,WR,80.70952549620452
Ihmir Smith-Marsette,NYG,WR,28.070921755032842
Irvin Charles,NYJ,WR,12.037613143911244
Isaiah Hodgins,NYG,WR,53.665959887153036
Isaiah McKenzie,MIA,WR,131.39882611903755
Isaiah Washington,BAL,WR,59.73959357881408
Isaiah Williams,CIN,WR,54.41154245521322
Isaiah Winstead,NYJ,WR,51.80528594159023
Isaiah Wooden,LAC,WR,52.19467963379735
Izaiah Gathings,PIT,WR,108.24859983052457
JJ Laap,LA,WR,102.78206282062327
Ja'Lynn Polk,NE,WR,62.321189749393156
Ja'Marr Chase,CIN,WR,488.81087265529277
JaQuae Jackson,NE,WR,51.80528594159023
Jaaron Hayek,KC,WR,114.2833624604801
Jacob Copeland,PIT,WR,108.24859983052457
Jacob Cowing,SF,WR,107.11759052392827
Jacob Harris,PHI,WR,46.77605849065712
Jadon Janke,MIA,WR,108.24859983052457
Jaelen Gill,CLE,WR,51.80528594159023
Jaelon Darden,SEA,WR,13.067875293385441
Jahan Dotson,PHI,WR,113.39745252485127
Jake Bobo,SEA,WR,48.03318371125896
Jakeem Grant,ATL,WR,95.59323446331396
Jakobi Meyers,LV,WR,247.23784773446567
Jalen Brooks,DAL,WR,55.08898507840233
Jalen Camp,CLE,WR,20.578350037133887
Jalen Coker,CAR,WR,176.1963761020662
Jalen Guyton,LV,WR,63.941362410085276
Jalen McMillan,TB,WR,134.5327925710282
Jalen Moreno-Cropper,DAL,WR,114.61104890251978
Jalen Nailor,MIN,WR,90.29893444238942
Jalen Reagor,LAC,WR,78.66963603643332
Jalen Tolbert,DAL,WR,86.01747429419419
Jalen Virgil,BUF,WR,83.23794425267302
Jalen Wayne,GB,WR,59.90105820004486
Jalin Hyatt,NYG,WR,68.22173320462996
Jalon Calhoun,DET,WR,114.2833624604801
Jamal Agnew,PIT,WR,67.84089891639324
Jamari Thrash,CLE,WR,2.66391813832891
James Proche,CLE,WR,30.85613671258649
Jameson Williams,DET,WR,96.46855822829095
Jamison Crowder,WAS,WR,57.43758886374842
Jaray Jenkins,PIT,WR,108.24859983052457
Jared Wayne,HOU,WR,14.961653479449694
Jason Brownlee,KC,WR,28.808068269797744
Jauan Jennings,SF,WR,205.98674203198797
Javon Baker,NE,WR,23.169162545770035
Jaxon Janke,HOU,WR,51.80528594159023
Jaxon Smith-Njigba,SEA,WR,238.8608804610659
Jayden Reed,GB,WR,332.84055948702286
Jaylen Johnson,LAC,WR,52.19467963379735
Jaylen Waddle,MIA,WR,276.4043878123558
Je'Quan Burton,MIA,WR,108.24859983052457
Jeff Foreman,LV,WR,66.66286828123407
Jeff Smith,ARI,WR,44.55779745957253
Jermaine Burton,CIN,WR,102.60503561777566
Jermaine Jackson,NO,WR,106.17365177613848
Jerry Jeudy,CLE,WR,312.1913538988216
Jeshaun Jones,MIN,WR,390.80608417772333
Jesse Matthews,ATL,WR,102.58014248600627
Jha'Quan Jackson,TEN,WR,24.083029786542895
John Jackson,CHI,WR,227.94651934455024
John Jiles,NE,WR,51.80528594159023
John Metchie III,HOU,WR,70.7845020201997
John Rhys Plumlee,SEA,WR,80.70952549620452
John Ross,PHI,WR,43.36465240802832
Johnny Johnson III,HOU,WR,51.80528594159023
Johnny Wilson,PHI,WR,83.58834995222358
Jonathan Mingo,DAL,WR,73.1159815667506
Jontre Kirklin,SF,WR,147.88899112548032
Jordan Addison,MIN,WR,365.7401482165262
Jordan Whittington,LA,WR,101.0196791978911
Joseph Ngata,PHI,WR,73.89755140403152
Joseph Scates,JAX,WR,125.68011803363001
Josh Ali,ATL,WR,46.07636972853986
Josh Downs,IND,WR,274.6807459609016
Josh Palmer,LAC,WR,211.93117988109347
Josh Reynolds,JAX,WR,86.53159338557984
Joshua Cephus,JAX,WR,125.68011803363001
JuJu Smith-Schuster,KC,WR,123.75665249192141
Julian Hicks,GB,WR,59.90105820004486
Justin Hall,MIN,WR,390.80608417772333
Justin Jefferson,MIN,WR,449.6454522136723
Justin Watson,KC,WR,108.45521444200809
Justyn Ross,KC,WR,39.08632027435074
Juwann Winfree,IND,WR,42.771654657317114
K.J. Osborn,WAS,WR,93.33363584958454
KJ Hamler,BUF,WR,107.09905313261939
KaVontae Turpin,DAL,WR,87.34159515039738
Kadarius Toney,CLE,WR,45.86162956385458
Kaden Davis,CLE,WR,51.80528594159023
Kalif Raymond,DET,WR,58.774733369036056
Kameron Johnson,TB,WR,6.693392259794479
Kawaan Baker,NE,WR,51.80528594159023
Kayshon Boutte,NE,WR,92.48302060784485
Kearis Jackson,NYG,WR,214.03774188409088
Keenan Allen,CHI,WR,367.1187237266459
Keith Kirkwood,BAL,WR,16.472574719333565
Kelvin Harmon,DAL,WR,86.38409419077354
Kendric Pryor,CIN,WR,69.76597531126784
Kendrick Bourne,NE,WR,128.1604302446396
Keon Coleman,BUF,WR,247.70712891423952
Kevin Austin Jr.,NO,WR,21.11556568767007
KhaDarel Hodge,ATL,WR,43.40902155729631
Khalil Shakir,BUF,WR,219.23607064906196
Kristian Wilkerson,LV,WR,77.2609267695478
Kwamie Lassiter II,CIN,WR,72.29110612864869
Kyle Philips,PHI,WR,76.87008108523253
Kyle Sheets,KC,WR,114.2833624604801
Kyric McGowan,MIA,WR,108.24859983052457
Ladd McConkey,LAC,WR,470.6148424366892
Lance McCutcheon,PIT,WR,51.85952140343525
Laquon Treadwell,IND,WR,33.904140084143506
Latreal Jones,TB,WR,42.819089806421005
Laviska Shenault Jr.,LAC,WR,77.74859155877311
Lawrence Keys,BUF,WR,108.13100659196603
Leon Johnson,LAC,WR,52.19467963379735
Lideatrick Griffin,CLE,WR,51.80528594159023
Lil'Jordan Humphrey,DEN,WR,52.44677057103432
Lucky Jackson,MIN,WR,390.80608417772333
Luke McCaffrey,WAS,WR,65.56263865642472
Mack Hollins,BUF,WR,116.36410773368968
Malachi Corley,NYJ,WR,0.9394769957501978
Malik Cunningham,BAL,WR,10.011312925737343
Malik Heath,GB,WR,42.50300078943907
Malik Knowles,GB,WR,59.90105820004486
Malik Nabers,NYG,WR,482.8196732439059
Malik Taylor,NYJ,WR,13.334566262941365
Malik Turner,SF,WR,93.93204656291313
Malik Washington,MIA,WR,101.5502213009697
Marcus Riley,NYJ,WR,51.80528594159023
Marcus Rosemy-Jacksaint,PHI,WR,73.89755140403152
Marcus Simms,SEA,WR,80.70952549620452
Marquez Callaway,TB,WR,94.44873598755765
Marquez Valdes-Scantling,NO,WR,108.56098662058042
Marquise Brown,KC,WR,114.48583912307649
Martavis Bryant,WAS,WR,158.95093977829416
Marvin Harrison Jr.,ARI,WR,345.302945836041
Marvin Mims Jr.,DEN,WR,189.33500662428554
Mason Kinsey,TEN,WR,11.10038234878948
Mason Tipton,NO,WR,77.42171242437703
Mathew Sexton,MIA,WR,108.24859983052457
Matt Landers,NE,WR,51.80528594159023
Maurice Alexander,DET,WR,62.66383019860031
Mecole Hardman,KC,WR,66.84362044095172
Michael Bandy,DEN,WR,26.396791932151686
Michael Gallup,LV,WR,141.08359484634988
Michael Pittman,IND,WR,287.0858330900834
Michael Wilson,ARI,WR,181.93326681314056
Mike Evans,TB,WR,468.37924865832764
Mike Harley Jr.,MIA,WR,108.24859983052457
Mike Strachan,WAS,WR,86.97221661971443
Mike Williams,PIT,WR,101.97642450527653
Mike Woods,CLE,WR,16.323905539913895
Miles Boykin,SEA,WR,23.28770632100992
Mitchell Tinsley,WAS,WR,80.21711822120707
Montrell Washington,KC,WR,48.67066661847976
Nelson Agholor,BAL,WR,58.45111108790948
Nick Westbrook-Ikhine,TEN,WR,113.51368017670671
Nico Collins,HOU,WR,373.06884508821145
Nikko Remigio,KC,WR,74.88496575641119
Noah Brown,WAS,WR,104.95706410949326
Nsimba Webster,CHI,WR,93.68667207798431
OJ Hiliare,ATL,WR,102.58014248600627
Odell Beckham Jr.,MIA,WR,100.99209702719232
Olamide Zaccheaus,WAS,WR,86.63544778132623
Parker Washington,JAX,WR,64.31422370312572
Parris Campbell,PHI,WR,6.739472557208444
Peter LeBlanc,CHI,WR,227.94651934455024
Phillip Brooks,KC,WR,114.2833624604801
Phillip Dorsett,ATL,WR,40.45629159350048
Praise Olatoke,CAR,WR,111.30057998914747
Puka Nacua,LA,WR,553.2772283426345
Qadir Ismail,BAL,WR,59.73959357881408
Quentin Johnston,LAC,WR,221.84028044660408
Quez Watkins,PIT,WR,98.04879891584088
Quintez Cephus,LA,WR,97.5915140485694
Racey McMath,DAL,WR,55.194114870277886
Rakim Jarrett,TB,WR,81.83651578140976
Raleigh Webb,TB,WR,42.819089806421005
Ramel Keyton,LV,WR,20.61832533401258
Rashard Higgins,CLE,WR,142.15735441102797
Rashee Rice,KC,WR,280.99994241004293
Rashid Shaheed,NO,WR,117.10415706425417
Rashod Bateman,BAL,WR,130.77043769801637
Ray-Ray McCloud,ATL,WR,79.11567799217826
Ricky Pearsall,SF,WR,148.57668739900785
River Cracraft,MIA,WR,50.08729795093734
Robbie Chosen,MIA,WR,-0.9845330470150486
Robert Woods,HOU,WR,76.06745208524475
Roman Wilson,PIT,WR,108.24859983052457
Rome Odunze,CHI,WR,264.5156078600526
Romeo Doubs,GB,WR,162.1609156822733
Rondale Moore,ATL,WR,217.21918813110642
Ronnie Bell,SF,WR,44.74234123033921
Russell Gage,SF,WR,198.46444211278276
Ryan Flournoy,DAL,WR,52.23777475856102
Ryan Miller,TB,WR,90.42417867743887
Sam Pinckney,CAR,WR,111.30057998914747
Sam Wiglusz,LA,WR,102.78206282062327
Samori Toure,CHI,WR,33.602401196419535
Samson Nacua,NO,WR,227.94651934455024
Scott Miller,PIT,WR,33.384110505383816
Sean Ryan,BAL,WR,59.73959357881408
Seth Williams,DAL,WR,72.34946978243218
Shaquan Davis,PIT,WR,108.24859983052457
Shedrick Jackson,LV,WR,21.631122367855696
Simi Fehoko,LAC,WR,30.560454442845256
Skyy Moore,KC,WR,64.37804275525598
Stanley Morgan,TEN,WR,5.114915830581339
Stefon Diggs,HOU,WR,243.67080473061088
Sterling Shepard,TB,WR,94.32517250625669
Steven Sims,BAL,WR,11.777832001442505
T.J. Luther,CAR,WR,111.30057998914747
Tahj Washington,MIA,WR,108.24859983052457
Tank Dell,HOU,WR,238.63063196955054
Tanner Conner,MIA,WR,53.854728056158265
Tanner Knue,TB,WR,42.819089806421005
Tarik Black,MIA,WR,50.87261622944739
Tay Martin,TEN,WR,148.334944599827
Tayvion Robinson,CAR,WR,111.30057998914747
Tee Higgins,CIN,WR,272.46527230214195
Tejhaun Palmer,ARI,WR,52.19467963379735
Terique Owens,SF,WR,147.88899112548032
Terrace Marshall Jr.,LV,WR,76.3492843867736
Terrell Bynum,LV,WR,66.66286828123407
Terry McLaurin,WAS,WR,399.85280283720726
Thayer Thomas,MIN,WR,390.80608417772333
Tim Jones,JAX,WR,37.92447363395169
Tim Patrick,DET,WR,100.95026498831093
Tom Kennedy,DET,WR,46.002389098077174
Tre Mosley,CIN,WR,125.68011803363001
Tre Tucker,LV,WR,206.73978170820706
Tre'Quan Smith,DET,WR,45.27703301141919
Tre'Shaun Harrison,TEN,WR,111.30057998914747
Trent Sherfield,MIN,WR,61.310271394528854
Trent Taylor,SF,WR,21.660217986057575
Trenton Irwin,CAR,WR,-6.056764033442192
Trey Palmer,TB,WR,152.80380626016648
Treylon Burks,TEN,WR,-3.5037131997782467
Trishton Jackson,MIN,WR,254.18714013463625
Troy Franklin,DEN,WR,89.28645098059499
Tutu Atwell,LA,WR,156.88415633963675
Ty James,MIN,WR,390.80608417772333
Ty Scott,SEA,WR,80.70952549620452
Tylan Wallace,BAL,WR,66.4720618685917
Tyler Boyd,TEN,WR,105.27100149192722
Tyler Harrell,NYJ,WR,51.80528594159023
Tyler Johnson,LA,WR,79.56198445741403
Tyler Lockett,SEA,WR,155.2271446300614
Tyler Scott,CHI,WR,58.86180790380749
Tyquan Thornton,KC,WR,54.064224563881154
Tyreek Hill,MIA,WR,463.0217991385445
Tyrell Shavers,BUF,WR,83.81411360049515
Tyrie Cleveland,IND,WR,39.640652183813614
Tyron Johnson,DAL,WR,104.7842326744869
Van Jefferson,PIT,WR,101.7095966838618
Wan'Dale Robinson,NYG,WR,272.3596610346207
Wayne Ruby,JAX,WR,125.68011803363001
Xavier Gipson,NYJ,WR,55.230989077184745
Xavier Hutchinson,HOU,WR,102.61653285902898
Xavier Johnson,HOU,WR,51.80528594159023
Xavier Legette,CAR,WR,171.72827522660958
Xavier Smith,LA,WR,26.197136067478368
Xavier Weaver,ARI,WR,15.465741502033865
Xavier White,IND,WR,102.58014248600627
Xavier Worthy,KC,WR,326.7566284022339
Zach Pascal,ARI,WR,106.03930449685981
Zay Flowers,BAL,WR,444.07318013849107
Zay Jones,ARI,WR,121.13938265648497
AJ Barner,SEA,TE,147.21591618294684
Adam Trautman,DEN,TE,41.498559797776565
Albert Okwuegbunam,IND,TE,36.77925173792566
Alec Holler,DAL,TE,38.66364241263837
Andrew Ogletree,IND,TE,70.82600428269123
Anthony Firkser,KC,TE,57.39791355119699
Armani Rogers,BUF,TE,78.45503916401209
Austin Hooper,NE,TE,164.6747959163172
Austin Stogner,ATL,TE,77.64537962489263
Baylor Cupp,KC,TE,22.880147573573055
Ben Mason,LAC,TE,67.0870565855715
Ben Sims,GB,TE,71.44755076336415
Ben Sinnott,WAS,TE,53.914105868450264
Bernhard Seikovits,ARI,TE,67.0870565855715
Blake Whiteheart,CLE,TE,59.880469345469805
Brady Russell,SEA,TE,41.297507402995905
Brayden Willis,SF,TE,52.402433941259886
Brenden Bates,CLE,TE,93.79076416224503
Brenton Strange,JAX,TE,74.48473177627221
Brevin Jordan,HOU,TE,43.465263791809704
Brevyn Spann-Ford,DAL,TE,58.35103876729802
Brock Bowers,LV,TE,363.78317918007946
Brock Wright,DET,TE,101.98915359532455
C.J. Uzomah,PHI,TE,110.20208540178793
Cade Otton,TB,TE,307.2188672561507
Cade Stover,HOU,TE,138.49015281924582
Cam Grandy,CIN,TE,62.95826028498318
Cameron Latu,PHI,TE,2.4833436738260275
Charlie Kolar,BAL,TE,60.97173732879912
Charlie Woerner,ATL,TE,64.10320319707172
Chig Okonkwo,TEN,TE,332.86855361331914
Chris Manhertz,NYG,TE,9.307522112388995
Chris Myarick,HOU,TE,41.093252944461625
Colby Parkinson,LA,TE,73.43457086752733
Cole Fotheringham,LV,TE,57.515373832860675
Cole Kmet,CHI,TE,206.58295708489015
Cole Turner,WAS,TE,59.20901875574566
Connor Heyward,PIT,TE,55.984610077908584
Dallas Goedert,PHI,TE,383.14041854124434
Dallin Holker,NO,TE,57.708771008009165
Dalton Keene,HOU,TE,81.09056832651912
Dalton Kincaid,BUF,TE,275.80374817519515
Dalton Schultz,HOU,TE,293.5093729728441
Daniel Bellinger,NYG,TE,62.120030053359045
Darnell Washington,PIT,TE,124.95470583567592
Darren Waller,NYG,TE,284.5386423408838
David Martin-Robinson,TEN,TE,59.89580149834164
David Njoku,CLE,TE,320.28071721189883
David Wells,TB,TE,74.45073708101921
Davis Allen,LA,TE,66.24670669419825
Dawson Knox,BUF,TE,125.99181881160108
Devin Culp,TB,TE,75.39609140149054
Devon Garrison,SEA,TE,41.297507402995905
Dominique Dafney,CAR,TE,63.522888795930925
Donald Parham,DEN,TE,77.05547650245066
Drew Sample,CIN,TE,69.51466258037638
Durham Smythe,MIA,TE,85.54862851376433
Dylan Leonard,DEN,TE,174.00289817725172
E.J. Jenkins,PHI,TE,20.497225142063854
Elijah Higgins,ARI,TE,126.83505623336671
Eric Saubert,SF,TE,35.26467674508345
Eric Tomlinson,LAC,TE,1.6889020314631011
Erick All,CIN,TE,62.41256090192995
Evan Engram,JAX,TE,361.8568109299174
Feleipe Franks,CAR,TE,27.125115633788212
Foster Moreau,NO,TE,186.9023617472673
Geoff Swaim,CLE,TE,14.919382981300146
Geor'Quarius Spivey,KC,TE,34.37184461944682
George Kittle,SF,TE,475.8444268952803
Gerald Everett,CHI,TE,107.90179788544714
Gerrit Prince,KC,TE,34.37184461944682
Giovanni Ricci,CLE,TE,64.95520213691792
Grant Calcaterra,PHI,TE,101.47034836505821
Greg Dulcich,NYG,TE,65.43783069935527
Harrison Bryant,LV,TE,64.22738413021298
Hayden Hurst,LAC,TE,120.89743610115788
Hayden Rucci,MIA,TE,84.81903213122595
Henry Pearson,GB,TE,166.50123296693613
Hunter Henry,NE,TE,249.2412965538424
Hunter Kampmoyer,DEN,TE,174.00289817725172
Hunter Long,LA,TE,61.652897501402705
Ian Thomas,CAR,TE,65.33710430668937
Irv Smith,HOU,TE,67.5293936580654
Isaac Rex,LAC,TE,67.0870565855715
Isaiah Likely,BAL,TE,259.81179031847694
Ja'Tavion Sanders,CAR,TE,225.6236253143856
Jack Stoll,MIA,TE,47.81901857484455
Jack Westover,NE,TE,173.67300245110707
Jacob Hollister,CAR,TE,139.7899957115314
Jacob Warren,NE,TE,173.67300245110707
Jaheim Bell,NE,TE,71.79357917462768
Jake Ferguson,DAL,TE,369.0185043009761
Jake Tonges,SF,TE,52.402433941259886
James Mitchell,DET,TE,39.73768020851108
Jared Wiley,KC,TE,41.48576075870628
Jelani Woods,IND,TE,153.9242198635023
Jeremy Ruckert,NYJ,TE,61.80769317944319
Jesper Horsted,CAR,TE,45.813732441484774
Joel Wilson,CHI,TE,55.79096415885721
John Bates,WAS,TE,75.31528166627044
John FitzPatrick,GB,TE,45.278925136617474
John Shenker,LV,TE,48.744133995750104
John Stephens Jr.,DAL,TE,38.66364241263837
Johnny Lumpkin,GB,TE,166.50123296693613
Johnny Mundt,MIN,TE,62.74300441288071
Jonnu Smith,MIA,TE,199.4398544384825
Jordan Akins,CLE,TE,211.11116373101078
Jordan Matthews,CAR,TE,165.48778575473727
Jordan Murray,NYG,TE,57.64114441570153
Joseph Fortson,KC,TE,96.28274389123463
Josh Oliver,MIN,TE,89.3081068346736
Josh Pederson,JAX,TE,32.471830216106014
Josh Whyle,TEN,TE,120.70842412680659
Josiah Deguara,JAX,TE,70.80817161647205
Julian Hill,MIA,TE,78.9503905075417
Justin Shorter,LV,TE,69.7609997736017
Juwan Johnson,NO,TE,265.02541750139403
Kenny Yeboah,NYJ,TE,51.093385172975246
Kevin Foelsch,PHI,TE,2.4833436738260275
Kevin Rader,NO,TE,24.8754993794209
Ko Kieft,TB,TE,129.09349500505593
Kyle Pitts,ATL,TE,244.87529630977974
Kylen Granson,IND,TE,94.38191320974673
La'Michael Pettway,NE,TE,173.67300245110707
Lawrence Cager,WAS,TE,108.33740700166281
Lincoln Sefcik,NYJ,TE,174.00289817725172
Logan Thomas,SF,TE,192.20364187088396
Lucas Krull,DEN,TE,65.99136172428206
Luke Benson,LAC,TE,67.0870565855715
Luke Farrell,JAX,TE,76.54708604678467
Luke Musgrave,GB,TE,80.96968661023246
Luke Schoonmaker,DAL,TE,142.26724511464855
Marcedes Lewis,CHI,TE,13.492911136156678
Mark Andrews,BAL,TE,345.9448028824986
Mason Fairchild,NO,TE,55.79096415885721
Mason Pline,SF,TE,140.26795607953775
Matt Sokol,PIT,TE,84.81903213122595
McCallan Castles,LAC,TE,67.0870565855715
Messiah Swinson,GB,TE,166.50123296693613
Michael Ezeike,SEA,TE,41.297507402995905
Michael Jacobson,NO,TE,55.79096415885721
Michael Mayer,LV,TE,144.34660048360388
Mike Gesicki,CIN,TE,148.02851523012887
Mike Rigerman,BAL,TE,236.0327425293359
Miller Forristall,LA,TE,33.06732309048584
Mitchell Wilcox,NE,TE,61.40559901483354
Mo Alie-Cox,IND,TE,75.97764057853345
MyCole Pruitt,PIT,TE,35.556634744225036
N'Keal Harry,SEA,TE,61.013426410821126
Nate Adkins,DEN,TE,71.35575038901266
Neal Johnson,NYJ,TE,174.00289817725172
Nick Muse,PHI,TE,28.6562229674647
Nick Vannett,TEN,TE,59.032072798082794
Nikola Kalinic,LA,TE,69.30615994254171
Noah Fant,SEA,TE,209.41349934809168
Noah Gray,KC,TE,199.76850048242193
Parker Hesse,DET,TE,66.22871991066955
Pat Freiermuth,PIT,TE,285.1544226051168
Patrick Murtagh,JAX,TE,32.471830216106014
Payne Durham,TB,TE,77.76646118748064
Peyton Hendershot,KC,TE,55.7118287543902
Pharaoh Brown,SEA,TE,37.363079504415296
Princeton Fant,DAL,TE,38.66364241263837
Quintin Morris,BUF,TE,54.647135575566296
Riley Sharp,BAL,TE,236.0327425293359
Robert Tonyan,KC,TE,165.57167142258783
Rod Williams,PIT,TE,44.074196107984775
Ross Dwelley,ATL,TE,24.983260442362578
Sage Surratt,ARI,TE,67.0870565855715
Sal Cannella,TB,TE,63.12349024153738
Sam LaPorta,DET,TE,448.25311411198174
Sammis Reyes,MIN,TE,4.30663967149539
Scotty Washington,BAL,TE,236.0327425293359
Sean McKeon,IND,TE,29.710372820051887
Shane Zylstra,DET,TE,39.649756272751304
Shawn Bowman,JAX,TE,32.471830216106014
Stephen Carlson,CHI,TE,43.448987970937466
Stephen Sullivan,CAR,TE,27.454599293185993
Steven Stilianos,TEN,TE,53.30096762793491
Stone Smartt,LAC,TE,69.89157349411191
T.J. Hockenson,MIN,TE,449.2698615759853
Tanner Hudson,CIN,TE,92.95750046243154
Tanner McLachlan,CIN,TE,32.471830216106014
Tanner Taula,TB,TE,63.12349024153738
Taysom Hill,NO,TE,126.8026736747278
Teagan Quitoriano,HOU,TE,54.31852310017034
Theo Johnson,NYG,TE,133.82949429452404
Thomas Odukoya,TEN,TE,53.30096762793491
Thomas Yassmin,DEN,TE,174.00289817725172
Tip Reiman,ARI,TE,58.4030563438602
Tommy Hudson,NO,TE,51.93637689360837
Tommy Sweeney,CHI,TE,43.339844090643965
Tommy Tremble,CAR,TE,151.41479841967677
Travis Kelce,KC,TE,584.8742728001146
Travis Vokolek,ARI,TE,67.0870565855715
Tre' McKitty,CLE,TE,78.30125270535893
Trevon Wesco,LV,TE,44.03795072139138
Trey Knox,MIN,TE,4.30663967149539
Trey McBride,ARI,TE,281.20594454215495
Treyton Welch,NO,TE,55.79096415885721
Tucker Fisk,LAC,TE,45.64552776814622
Tucker Kraft,GB,TE,281.8204181844347
Tyler Conklin,NYJ,TE,277.6614500584259
Tyler Davis,GB,TE,81.109959039815
Tyler Higbee,LA,TE,226.81375108034257
Tyler Mabry,SEA,TE,39.243145797765166
Tyree Jackson,WAS,TE,20.439477646273602
Will Dissly,LAC,TE,200.36346168075738
Will Mallory,IND,TE,105.99890372234016
Zach Davidson,BUF,TE,41.870995925381365
Zach Ertz,WAS,TE,419.110682823222
Zach Gentry,LV,TE,69.7366192116018
Zach Heins,LAC,TE,67.0870565855715
Zack Kuntz,NYJ,TE,174.00289817725172
Zaire Mitchell-Paden,BAL,TE,236.0327425293359
