player_id,player_name,position,team,jersey_number,height,weight,age,age_2025,years_exp,rookie_year,college,draft_number,draft_club
00-0039945,Alex Hale,K,GB,16.0,72.0,205,26.0,27.5,0,2024.0,Oklahoma State,,
00-0038402,Anders Carlson,K,NYJ,18.0,77.0,215,26.0,27.2,1,2023.0,Auburn,207.0,GB
00-0038428,Andre Szmyt,K,CLE,37.0,73.0,199,25.0,26.9,1,2023.0,Syracuse,,
00-0035145,Austin Seibert,K,WAS,3.0,69.0,214,27.0,28.8,5,2019.0,Oklahoma,170.0,CLE
00-0038905,Blake Grupe,K,NO,19.0,67.0,156,25.0,26.8,1,2023.0,Notre Dame,,
00-0037692,Brandon Aubrey,K,DAL,17.0,75.0,192,29.0,30.5,2,2023.0,Notre Dame,,
00-0029822,Brandon McManus,K,GB,17.0,75.0,201,33.0,34.1,11,2013.0,Temple,,
00-0039649,Brayden Narveson,K,TEN,7.0,72.0,205,24.0,25.9,0,2024.0,North Carolina State,,
00-0038097,Cade York,K,CIN,3.0,73.0,198,23.0,24.6,2,2022.0,Louisiana State,124.0,CLE
00-0031203,Cairo Santos,K,CHI,8.0,68.0,160,32.0,33.8,10,2014.0,Tulane,,
00-0039409,Cam Little,K,JAX,39.0,73.0,179,21.0,22.0,0,2024.0,Arkansas,212.0,JAX
00-0037224,Cameron Dicker,K,LAC,11.0,73.0,216,24.0,25.3,2,2022.0,Texas,,
00-0038567,Chad Ryland,K,ARI,38.0,72.0,183,24.0,25.9,1,2023.0,Maryland,112.0,NE
00-0039229,Charlie Smyth,K,NO,39.0,76.0,210,23.0,24.2,0,2024.0,No College,,
00-0035358,Chase McLaughlin,K,TB,4.0,72.0,187,28.0,29.4,5,2019.0,Illinois,,
00-0031136,Chris Boswell,K,PIT,9.0,74.0,185,33.0,34.5,10,2014.0,Rice,,
00-0034161,Daniel Carlson,K,LV,2.0,77.0,215,29.0,30.6,6,2018.0,Auburn,167.0,MIN
00-0030098,Dustin Hopkins,K,CLE,7.0,74.0,203,33.0,34.9,11,2013.0,Florida State,177.0,BUF
00-0034173,Eddy Pineiro,K,CAR,4.0,71.0,178,28.0,30.0,6,2018.0,Florida,,
00-0036854,Evan McPherson,K,CIN,2.0,71.0,185,25.0,26.1,3,2021.0,Florida,149.0,CIN
00-0026858,Graham Gano,K,NYG,9.0,74.0,202,37.0,38.4,15,2009.0,Florida State,,
00-0034450,Greg Joseph,K,NYJ,40.0,72.0,210,30.0,31.1,6,2018.0,Florida Atlantic,,
00-0029621,Greg Zuerlein,K,NYJ,9.0,72.0,191,36.0,37.7,12,2012.0,Missouri Western,171.0,STL
00-0033303,Harrison Butker,K,KC,7.0,76.0,205,29.0,30.1,7,2017.0,Georgia Tech,233.0,CAR
00-0039498,Harrison Mevis,K,CAR,16.0,71.0,243,22.0,23.4,0,2024.0,Missouri,,
00-0038808,Jack Podlesny,K,GB,16.0,73.0,180,,,1,2023.0,Georgia,,
00-0039172,Jake Bates,K,DET,39.0,70.0,202,25.0,26.5,1,2023.0,Arkansas,,
00-0033787,Jake Elliott,K,PHI,4.0,69.0,167,29.0,30.6,7,2017.0,Memphis,153.0,CIN
00-0038562,Jake Moody,K,SF,4.0,73.0,210,24.0,25.8,1,2023.0,Michigan,99.0,SF
00-0039449,James Turner,K,DET,43.0,72.0,196,,,0,2024.0,Michigan,,
00-0031492,Jason Myers,K,SEA,5.0,70.0,190,33.0,34.3,9,2015.0,Marist,,
00-0034794,Jason Sanders,K,MIA,7.0,71.0,186,28.0,29.8,6,2018.0,New Mexico,229.0,MIA
00-0035192,Joey Slye,K,NE,13.0,71.0,213,28.0,29.4,5,2019.0,Virginia Tech,,
00-0037542,John Parker Romo,K,NE,96.0,71.0,175,27.0,28.0,2,2022.0,Virginia Tech,,
00-0039750,Joshua Karty,K,LA,16.0,74.0,208,22.0,23.5,0,2024.0,Stanford,209.0,LA
00-0039934,Jude McAtamney,K,NYG,99.0,74.0,205,24.0,25.3,0,2024.0,Rutgers,,
00-0029597,Justin Tucker,K,BAL,9.0,73.0,183,34.0,35.8,12,2012.0,Texas,,
00-0032726,Ka'imi Fairbairn,K,HOU,15.0,72.0,183,30.0,31.6,8,2016.0,UCLA,,
00-0038152,Lucas Havrisik,K,BUF,30.0,74.0,185,24.0,25.9,2,2023.0,Arizona,,
00-0035269,Matt Gay,K,IND,7.0,72.0,232,30.0,31.5,5,2019.0,Utah,145.0,TB
00-0034479,Matt McCrane,K,DET,36.0,70.0,165,29.0,31.0,6,2018.0,Kansas State,,
00-0023853,Matt Prater,K,ARI,5.0,70.0,201,40.0,41.1,18,2006.0,Central Florida,,
00-0035189,Matthew Wright,K,TEN,7.0,71.0,179,28.0,29.4,5,2019.0,Central Florida,,
00-0034084,Mike Badgley,K,DET,17.0,70.0,183,29.0,30.1,6,2018.0,Miami,,
00-0025565,Nick Folk,K,TEN,6.0,73.0,222,39.0,40.8,17,2007.0,Arizona,178.0,DAL
00-0036816,Riley Patterson,K,ATL,37.0,72.0,190,24.0,26.0,3,2021.0,Memphis,,
00-0039576,Spencer Shrader,K,KC,40.0,74.0,200,25.0,26.3,0,2024.0,Notre Dame,,
00-0038354,Tanner Brown,K,ATL,49.0,72.0,180,24.0,25.7,1,2023.0,Oklahoma State,,
00-0036162,Tyler Bass,K,BUF,2.0,70.0,185,27.0,28.5,4,2020.0,Georgia Southern,188.0,BUF
00-0032569,Wil Lutz,K,DEN,3.0,71.0,184,30.0,31.2,8,2016.0,Georgia State,,
00-0039404,Will Reichard,K,MIN,16.0,73.0,194,23.0,24.6,0,2024.0,Alabama,203.0,MIN
00-0033702,Younghoe Koo,K,ATL,6.0,70.0,195,30.0,31.1,7,2017.0,Georgia Southern,,
00-0033862,Zane Gonzalez,K,WAS,47.0,72.0,202,29.0,30.3,7,2017.0,Arizona State,224.0,CLE
00-0023459,Aaron Rodgers,QB,NYJ,8.0,74.0,225,40.0,41.7,19,2005.0,California,24.0,GB
00-0038658,Adrian Martinez,QB,NYJ,15.0,74.0,225,24.0,25.7,1,2023.0,Kansas State,,
00-0038579,Aidan O'Connell,QB,LV,12.0,75.0,210,25.0,27.0,1,2023.0,Purdue,135.0,LV
00-0039334,Andrew Peasley,QB,NYJ,14.0,74.0,218,24.0,25.7,0,2024.0,Wyoming,,
00-0027973,Andy Dalton,QB,CAR,14.0,74.0,220,36.0,37.8,13,2011.0,Texas Christian,35.0,CIN
00-0037175,Anthony Brown,QB,BUF,5.0,73.0,226,26.0,27.1,2,2022.0,Oregon,,
00-0039164,Anthony Richardson,QB,IND,5.0,76.0,232,22.0,23.3,1,2023.0,Florida,4.0,IND
00-0039464,Austin Reed,QB,CHI,16.0,73.0,220,24.0,25.5,0,2024.0,Western Kentucky,,
00-0038108,Bailey Zappe,QB,CLE,2.0,73.0,220,25.0,26.4,2,2022.0,Western Kentucky,137.0,NE
00-0034855,Baker Mayfield,QB,TB,6.0,73.0,215,29.0,30.4,6,2018.0,Oklahoma,1.0,CLE
00-0036384,Ben DiNucci,QB,NO,15.0,75.0,210,27.0,28.8,4,2020.0,James Madison,231.0,DAL
00-0039732,Bo Nix,QB,DEN,10.0,74.0,217,24.0,25.5,0,2024.0,Oregon,12.0,DEN
00-0032434,Brandon Allen,QB,SF,17.0,74.0,209,31.0,33.0,8,2016.0,Arkansas,201.0,JAX
00-0034955,Brett Rypien,QB,MIN,19.0,74.0,200,28.0,29.1,5,2019.0,Boise State,,
00-0037834,Brock Purdy,QB,SF,13.0,73.0,212,24.0,25.7,2,2022.0,Iowa State,262.0,SF
00-0039150,Bryce Young,QB,CAR,9.0,70.0,194,23.0,24.1,1,2023.0,Alabama,1.0,CAR
00-0033936,C.J. Beathard,QB,JAX,19.0,74.0,215,30.0,31.8,7,2017.0,Iowa,104.0,SF
00-0039163,C.J. Stroud,QB,HOU,7.0,75.0,218,22.0,23.9,1,2023.0,Ohio State,2.0,HOU
00-0039918,Caleb Williams,QB,CHI,18.0,73.0,215,22.0,23.8,0,2024.0,Southern California,1.0,CHI
00-0032950,Carson Wentz,QB,KC,11.0,77.0,237,31.0,32.7,8,2016.0,North Dakota State,2.0,PHI
00-0039534,Carter Bradley,QB,LV,14.0,75.0,216,24.0,25.5,0,2024.0,South Alabama,,
00-0028986,Case Keenum,QB,HOU,18.0,73.0,215,36.0,37.5,12,2012.0,Houston,,
00-0039657,Casey Bauman,QB,LAC,16.0,79.0,225,24.0,25.3,0,2024.0,"Augustana, S.D.",,
00-0037324,Chris Oladokun,QB,KC,19.0,73.0,195,26.0,28.0,2,2022.0,South Dakota State,241.0,PIT
00-0038582,Clayton Tune,QB,ARI,15.0,75.0,220,25.0,26.4,1,2023.0,Houston,139.0,ARI
00-0033662,Cooper Rush,QB,DAL,10.0,75.0,225,30.0,31.8,7,2017.0,Central Michigan,,
00-0033077,Dak Prescott,QB,DAL,4.0,74.0,238,31.0,32.1,8,2016.0,Mississippi State,135.0,DAL
00-0035710,Daniel Jones,QB,MIN,13.0,77.0,220,27.0,28.3,5,2019.0,Duke,6.0,NYG
00-0036898,Davis Mills,QB,HOU,10.0,76.0,225,25.0,26.9,3,2021.0,Stanford,67.0,HOU
00-0031280,Derek Carr,QB,NO,4.0,75.0,210,33.0,34.4,10,2014.0,Fresno State,36.0,OAK
00-0033537,Deshaun Watson,QB,CLE,4.0,75.0,221,28.0,30.0,7,2017.0,Clemson,12.0,HOU
00-0038122,Desmond Ridder,QB,LV,10.0,75.0,215,25.0,26.0,2,2022.0,Cincinnati,74.0,ATL
00-0039801,Devin Leary,QB,BAL,13.0,73.0,212,24.0,26.0,0,2024.0,Kentucky,218.0,BAL
00-0038583,Dorian Thompson-Robinson,QB,CLE,17.0,74.0,205,24.0,25.8,1,2023.0,UCLA,140.0,CLE
00-0039851,Drake Maye,QB,NE,10.0,76.0,225,22.0,23.0,0,2024.0,North Carolina,3.0,NE
00-0038385,Dresser Winn,QB,LA,4.0,75.0,215,25.0,26.8,1,2023.0,Tennessee-Martin,,
00-0035704,Drew Lock,QB,NYG,2.0,76.0,228,27.0,28.8,5,2019.0,Missouri,42.0,DEN
00-0037068,E.J. Perry,QB,JAX,6.0,74.0,210,26.0,27.0,2,2022.0,Brown,,
00-0035282,Easton Stick,QB,LAC,2.0,73.0,224,28.0,30.0,5,2019.0,North Dakota State,166.0,LAC
00-0039331,Emory Jones,QB,ATL,11.0,74.0,210,24.0,25.3,0,2024.0,Cincinnati,,
00-0035289,Gardner Minshew,QB,LV,15.0,73.0,225,28.0,29.3,5,2019.0,Washington State,178.0,JAX
00-0039482,Gavin Hardison,QB,MIA,16.0,75.0,215,,,0,2024.0,Texas-El Paso,,
00-0030565,Geno Smith,QB,SEA,7.0,75.0,221,33.0,34.9,11,2013.0,West Virginia,39.0,NYJ
00-0038550,Hendon Hooker,QB,DET,2.0,75.0,218,26.0,27.6,1,2023.0,Tennessee,68.0,DET
00-0036929,Ian Book,QB,PHI,13.0,72.0,212,26.0,27.4,3,2021.0,Notre Dame,133.0,NO
00-0039923,J.J. McCarthy,QB,MIN,9.0,75.0,202,21.0,22.6,0,2024.0,Michigan,10.0,MIN
00-0039501,Jack Plummer,QB,CAR,16.0,77.0,215,24.0,25.9,0,2024.0,Louisville,,
00-0033119,Jacoby Brissett,QB,NE,7.0,76.0,235,31.0,32.7,8,2016.0,North Carolina State,91.0,NE
00-0035100,Jake Browning,QB,CIN,6.0,74.0,209,28.0,29.4,5,2019.0,Washington,,
00-0036197,Jake Fromm,QB,DET,18.0,74.0,222,26.0,27.1,4,2020.0,Georgia,167.0,BUF
00-0038998,Jake Haener,QB,NO,3.0,73.0,195,25.0,26.5,1,2023.0,Fresno State,127.0,NO
00-0036312,Jake Luton,QB,LV,2.0,78.0,236,28.0,29.4,4,2020.0,Oregon State,189.0,JAX
00-0036389,Jalen Hurts,QB,PHI,1.0,73.0,218,26.0,27.1,4,2020.0,Oklahoma,53.0,PHI
00-0031503,Jameis Winston,QB,CLE,5.0,76.0,231,30.0,31.7,9,2015.0,Florida State,1.0,TB
00-0033106,Jared Goff,QB,DET,16.0,76.0,223,29.0,30.9,8,2016.0,California,1.0,LA
00-0038598,Jaren Hall,QB,SEA,15.0,72.0,205,26.0,27.4,1,2023.0,Brigham Young,164.0,MIN
00-0035264,Jarrett Stidham,QB,DEN,8.0,75.0,214,28.0,29.1,5,2019.0,Auburn,133.0,NE
00-0039575,Jason Bean,QB,IND,12.0,74.0,205,24.0,25.7,0,2024.0,Kansas,,
00-0039910,Jayden Daniels,QB,WAS,5.0,76.0,210,23.0,24.7,0,2024.0,Louisiana State,2.0,WAS
00-0032436,Jeff Driskel,QB,WAS,16.0,76.0,235,31.0,32.4,8,2016.0,Louisiana Tech,207.0,SF
00-0031345,Jimmy Garoppolo,QB,LA,11.0,74.0,225,32.0,33.8,10,2014.0,Eastern Illinois,62.0,NE
00-0036442,Joe Burrow,QB,CIN,9.0,76.0,216,27.0,28.7,4,2020.0,Louisiana State,1.0,CIN
00-0026158,Joe Flacco,QB,IND,15.0,78.0,245,39.0,40.6,16,2008.0,Delaware,18.0,BAL
00-0039398,Joe Milton III,QB,NE,19.0,77.0,235,24.0,25.5,0,2024.0,Tennessee,193.0,NE
00-0039723,John Paddock,QB,ATL,16.0,72.0,190,24.0,25.4,0,2024.0,Illinois,,
00-0034899,John Wolford,QB,JAX,18.0,73.0,200,28.0,29.9,6,2018.0,Wake Forest,,
00-0036264,Jordan Love,QB,GB,10.0,76.0,220,25.0,26.8,4,2020.0,Utah State,26.0,GB
00-0039797,Jordan Travis,QB,NYJ,3.0,73.0,212,24.0,25.3,0,2024.0,Florida State,171.0,NYJ
00-0034857,Josh Allen,QB,BUF,17.0,77.0,237,28.0,29.3,6,2018.0,Wyoming,7.0,BUF
00-0026300,Josh Johnson,QB,BAL,17.0,75.0,219,38.0,39.3,16,2008.0,San Diego,160.0,TB
00-0033949,Joshua Dobbs,QB,SF,5.0,75.0,216,29.0,30.6,7,2017.0,Tennessee,135.0,PIT
00-0036945,Justin Fields,QB,PIT,2.0,75.0,223,25.0,26.5,3,2021.0,Ohio State,11.0,CHI
00-0036355,Justin Herbert,QB,LAC,10.0,78.0,237,26.0,27.5,4,2020.0,Oregon,6.0,LAC
00-0039577,Kedon Slovis,QB,HOU,16.0,75.0,215,23.0,24.4,0,2024.0,Brigham Young,,
00-0038102,Kenny Pickett,QB,PHI,7.0,75.0,220,26.0,27.2,2,2022.0,Pittsburgh,20.0,PIT
00-0029604,Kirk Cousins,QB,ATL,18.0,75.0,202,36.0,37.0,12,2012.0,Michigan State,102.0,WAS
00-0034577,Kyle Allen,QB,PIT,4.0,75.0,211,28.0,29.5,6,2018.0,Houston,,
00-0036928,Kyle Trask,QB,TB,2.0,77.0,240,26.0,27.5,3,2021.0,Florida,64.0,TB
00-0035228,Kyler Murray,QB,ARI,1.0,70.0,207,27.0,28.1,5,2019.0,Oklahoma,1.0,ARI
00-0034796,Lamar Jackson,QB,BAL,8.0,74.0,212,27.0,28.6,6,2018.0,Louisville,32.0,BAL
00-0034438,Logan Woodside,QB,CIN,11.0,73.0,213,29.0,30.6,6,2018.0,Toledo,249.0,CIN
00-0034737,Luis Perez,QB,LAC,11.0,75.0,220,30.0,31.1,6,2018.0,Texas A&amp;M-Commerce,,
00-0036972,Mac Jones,QB,JAX,10.0,75.0,214,25.0,27.0,3,2021.0,Alabama,15.0,NE
00-0038128,Malik Willis,QB,GB,2.0,73.0,215,25.0,26.3,2,2022.0,Liberty,86.0,TEN
00-0032268,Marcus Mariota,QB,WAS,18.0,76.0,222,30.0,31.8,9,2015.0,Oregon,2.0,TEN
00-0034771,Mason Rudolph,QB,TEN,11.0,77.0,235,29.0,30.1,6,2018.0,Oklahoma State,76.0,PIT
00-0038132,Matt Corral,QB,MIN,17.0,73.0,205,25.0,26.6,2,2022.0,Mississippi,94.0,CAR
00-0026143,Matt Ryan,QB,ATL,2.0,76.0,217,39.0,40.3,16,2008.0,Boston College,3.0,ATL
00-0026498,Matthew Stafford,QB,LA,9.0,75.0,220,36.0,37.6,15,2009.0,Georgia,1.0,DET
00-0038637,Max Duggan,QB,LAC,8.0,74.0,210,23.0,24.5,1,2023.0,Texas Christian,239.0,LAC
00-0039917,Michael Penix Jr.,QB,ATL,9.0,75.0,213,24.0,25.3,0,2024.0,Washington,8.0,ATL
00-0039238,Michael Pratt,QB,TB,11.0,75.0,220,22.0,23.9,0,2024.0,Tulane,245.0,GB
00-0034401,Mike White,QB,BUF,14.0,77.0,225,29.0,30.4,6,2018.0,Western Kentucky,171.0,DAL
00-0033869,Mitchell Trubisky,QB,BUF,11.0,75.0,215,30.0,31.0,7,2017.0,North Carolina,2.0,CHI
00-0032792,Nate Sudfeld,QB,DET,8.0,78.0,227,30.0,31.9,8,2016.0,Indiana,187.0,WAS
00-0033958,Nathan Peterman,QB,ATL,4.0,74.0,225,30.0,31.3,7,2017.0,Pittsburgh,171.0,BUF
00-0038150,Nathan Rourke,QB,NYG,13.0,73.0,210,26.0,27.3,4,2023.0,Ohio,,
00-0033319,Nick Mullens,QB,MIN,12.0,73.0,210,29.0,30.5,7,2017.0,Southern Mississippi,,
00-0033275,PJ Walker,QB,SEA,15.0,71.0,212,29.0,30.5,7,2017.0,Temple,,
00-0033873,Patrick Mahomes,QB,KC,15.0,74.0,230,28.0,30.0,7,2017.0,Texas Tech,10.0,KC
00-0039633,Rocky Lombardi,QB,CIN,4.0,75.0,223,26.0,27.1,0,2024.0,Northern Illinois,,
00-0029263,Russell Wilson,QB,PIT,3.0,71.0,215,35.0,36.8,12,2012.0,Wisconsin,75.0,SEA
00-0034869,Sam Darnold,QB,MIN,14.0,75.0,225,27.0,28.2,6,2018.0,Southern California,3.0,NYJ
00-0036879,Sam Ehlinger,QB,IND,4.0,74.0,235,25.0,26.9,3,2021.0,Texas,218.0,IND
00-0039677,Sam Hartman,QB,WAS,15.0,73.0,210,25.0,26.1,0,2024.0,Notre Dame,,
00-0037077,Sam Howell,QB,SEA,6.0,73.0,225,23.0,25.0,2,2022.0,North Carolina,144.0,WAS
00-0038391,Sean Clifford,QB,GB,6.0,74.0,212,26.0,27.1,1,2023.0,Penn State,149.0,GB
00-0036679,Shane Buechele,QB,BUF,6.0,72.0,205,26.0,27.6,3,2021.0,Southern Methodist,,
00-0037327,Skylar Thompson,QB,MIA,19.0,74.0,221,27.0,28.2,2,2022.0,Kansas State,247.0,MIA
00-0039376,Spencer Rattler,QB,NO,18.0,72.0,218,23.0,24.9,0,2024.0,South Carolina,150.0,NO
00-0039107,Stetson Bennett,QB,LA,13.0,71.0,190,26.0,27.8,1,2023.0,Georgia,128.0,LA
00-0038400,Tanner McKee,QB,PHI,16.0,78.0,230,24.0,25.3,1,2023.0,Stanford,188.0,PHI
00-0039699,Tanner Mordecai,QB,SF,4.0,74.0,218,24.0,25.8,0,2024.0,Wisconsin,,
00-0031800,Taylor Heinicke,QB,LAC,8.0,73.0,210,31.0,32.5,9,2015.0,Old Dominion,,
00-0031237,Teddy Bridgewater,QB,DET,12.0,74.0,215,31.0,32.8,10,2014.0,Louisville,32.0,MIN
00-0034177,Tim Boyle,QB,NYG,12.0,76.0,233,29.0,30.9,6,2018.0,Eastern Kentucky,,
00-0038476,Tommy DeVito,QB,NYG,15.0,74.0,210,26.0,27.1,1,2023.0,Illinois,,
00-0035146,Trace McSorley,QB,WAS,3.0,72.0,202,29.0,30.0,5,2019.0,Penn State,197.0,BAL
00-0036971,Trevor Lawrence,QB,JAX,16.0,78.0,220,24.0,25.9,3,2021.0,Clemson,1.0,JAX
00-0032156,Trevor Siemian,QB,TEN,3.0,75.0,220,32.0,33.7,9,2015.0,Northwestern,250.0,DEN
00-0037012,Trey Lance,QB,DAL,19.0,76.0,226,24.0,25.3,3,2021.0,North Dakota State,3.0,SF
00-0036212,Tua Tagovailoa,QB,MIA,1.0,73.0,218,26.0,27.5,4,2020.0,Alabama,5.0,MIA
00-0035993,Tyler Huntley,QB,MIA,18.0,73.0,205,26.0,27.6,4,2020.0,Utah,,
00-0028118,Tyrod Taylor,QB,NYJ,2.0,73.0,215,35.0,36.1,13,2011.0,Virginia Tech,180.0,BAL
00-0038416,Tyson Bagent,QB,CHI,17.0,75.0,210,24.0,25.2,1,2023.0,Shepherd,,
00-0035251,Will Grier,QB,DAL,15.0,73.0,220,29.0,30.4,5,2019.0,West Virginia,100.0,CAR
00-0039152,Will Levis,QB,TEN,8.0,76.0,232,25.0,26.2,1,2023.0,Kentucky,33.0,TEN
00-0037013,Zach Wilson,QB,DEN,4.0,74.0,208,25.0,26.1,3,2021.0,Brigham Young,2.0,NYJ
00-0039597,Zack Annexstad,QB,TB,19.0,75.0,220,24.0,25.4,0,2024.0,Illinois State,,
00-0036265,AJ Dillon,RB,GB,28.0,72.0,250,26.0,27.3,4,2020.0,Boston College,62.0,GB
00-0033293,Aaron Jones,RB,MIN,33.0,69.0,208,29.0,30.7,7,2017.0,Texas-El Paso,182.0,GB
00-0037609,Aaron Shampklin,RB,PIT,33.0,70.0,194,24.0,25.9,2,2022.0,Harvard,,
00-0036727,Adam Prentice,RB,NO,46.0,72.0,245,27.0,28.6,3,2021.0,South Carolina,,
00-0039516,Aidan Robbins,RB,CLE,49.0,75.0,230,23.0,24.7,0,2024.0,Brigham Young,,
00-0035125,Alec Ingold,RB,MIA,30.0,73.0,242,28.0,29.1,5,2019.0,Wisconsin,,
00-0034972,Alexander Mattison,RB,LV,22.0,71.0,220,26.0,27.2,5,2019.0,Boise State,102.0,MIN
00-0033906,Alvin Kamara,RB,NO,41.0,70.0,215,29.0,30.1,7,2017.0,Tennessee,67.0,NO
00-0032104,Ameer Abdullah,RB,LV,8.0,69.0,203,31.0,32.2,9,2015.0,Nebraska,54.0,DET
00-0034959,Andrew Beck,RB,HOU,47.0,75.0,255,28.0,29.3,5,2019.0,Texas,,
00-0036336,Anthony McFarland,RB,MIA,16.0,69.0,198,26.0,27.5,4,2020.0,Maryland,124.0,PIT
00-0036328,Antonio Gibson,RB,NE,4.0,72.0,221,26.0,27.2,4,2020.0,Memphis,66.0,WAS
00-0039373,Audric Estim√©,RB,DEN,23.0,71.0,227,20.0,22.0,0,2024.0,Notre Dame,147.0,DEN
00-0033699,Austin Ekeler,RB,WAS,30.0,70.0,200,29.0,30.3,7,2017.0,"Western State, Colo.",,
00-0039678,Austin Jones,RB,WAS,46.0,70.0,200,23.0,24.6,0,2024.0,Southern California,,
00-0036950,Avery Williams,RB,ATL,26.0,69.0,195,26.0,27.1,3,2021.0,Boise State,183.0,ATL
00-0037157,Bam Knight,RB,NYJ,27.0,71.0,210,23.0,24.4,2,2022.0,North Carolina State,,
00-0038542,Bijan Robinson,RB,ATL,7.0,71.0,214,22.0,23.6,1,2023.0,Texas,8.0,ATL
00-0039738,Blake Corum,RB,LA,22.0,68.0,213,23.0,24.8,0,2024.0,Michigan,83.0,LA
00-0039573,Blake Watson,RB,DEN,25.0,69.0,195,24.0,25.9,0,2024.0,Memphis,,
00-0034414,Boston Scott,RB,PIT,33.0,66.0,203,29.0,30.3,6,2018.0,Louisiana Tech,201.0,NO
00-0039794,Braelon Allen,RB,NYJ,0.0,73.0,235,20.0,21.6,0,2024.0,Wisconsin,134.0,NYJ
00-0038120,Breece Hall,RB,NYJ,20.0,71.0,220,23.0,24.3,2,2022.0,Iowa State,36.0,NYJ
00-0037746,Brian Robinson,RB,WAS,8.0,73.0,228,25.0,26.4,2,2022.0,Alabama,98.0,WAS
00-0039603,British Brooks,RB,HOU,44.0,71.0,225,24.0,25.8,0,2024.0,North Carolina,,
00-0037329,Brittain Brown,RB,SEA,34.0,73.0,205,26.0,27.9,2,2022.0,UCLA,250.0,LV
00-0037495,Bryant Koback,RB,SEA,40.0,72.0,210,26.0,27.4,2,2022.0,Toledo,,
00-0039361,Bucky Irving,RB,TB,7.0,70.0,195,22.0,23.0,0,2024.0,Oregon,125.0,TB
00-0032918,C.J. Ham,RB,MIN,30.0,71.0,235,31.0,32.1,8,2016.0,"Augustana, S.D.",,
00-0036414,Cam Akers,RB,MIN,27.0,70.0,212,25.0,26.2,4,2020.0,Florida State,52.0,LA
00-0038930,Carlos Washington,RB,ATL,28.0,71.0,220,25.0,26.7,1,2023.0,Southeastern Louisiana,,
00-0039325,Carson Steele,RB,KC,42.0,72.0,225,21.0,22.9,0,2024.0,UCLA,,
00-0038597,Chase Brown,RB,CIN,30.0,70.0,205,24.0,25.4,1,2023.0,Illinois,163.0,CIN
00-0034681,Chase Edmonds,RB,TB,22.0,69.0,210,28.0,29.4,6,2018.0,Fordham,134.0,ARI
00-0038685,Chris Brooks,RB,GB,30.0,73.0,230,24.0,25.6,1,2023.0,Brigham Young,,
00-0039244,Chris Collier,RB,LV,33.0,71.0,195,24.0,25.4,0,2024.0,Lock Haven,,
00-0036857,Chris Evans,RB,CIN,25.0,71.0,216,26.0,27.9,3,2021.0,Michigan,202.0,CIN
00-0038611,Chris Rodriguez Jr.,RB,WAS,36.0,71.0,224,24.0,25.9,1,2023.0,Kentucky,193.0,WAS
00-0033280,Christian McCaffrey,RB,SF,23.0,71.0,205,28.0,29.2,7,2017.0,Stanford,8.0,CAR
00-0036555,Chuba Hubbard,RB,CAR,30.0,73.0,207,25.0,26.2,3,2021.0,Oklahoma State,126.0,CAR
00-0036360,Clyde Edwards-Helaire,RB,NO,23.0,67.0,209,25.0,26.4,4,2020.0,Louisiana State,32.0,KC
00-0039703,Cody Schrader,RB,LA,32.0,69.0,214,24.0,26.0,0,2024.0,Missouri,,
00-0039686,Colson Yankoff,RB,WAS,41.0,76.0,225,24.0,25.5,0,2024.0,UCLA,,
00-0030578,Cordarrelle Patterson,RB,PIT,84.0,74.0,238,33.0,34.5,11,2013.0,Tennessee,29.0,MIN
00-0035567,Craig Reynolds,RB,DET,13.0,71.0,215,28.0,29.2,5,2019.0,Kutztown,,
00-0036275,D'Andre Swift,RB,CHI,4.0,69.0,211,25.0,26.6,4,2020.0,Georgia,35.0,DET
00-0035628,D'Ernest Johnson,RB,JAX,2.0,70.0,208,28.0,29.5,5,2019.0,South Florida,,
00-0033925,D'Onta Foreman,RB,CLE,27.0,73.0,233,28.0,29.4,7,2017.0,Texas,89.0,HOU
00-0039595,D.J. Williams,RB,TB,30.0,72.0,225,24.0,25.8,0,2024.0,Arizona,,
00-0039455,Daijun Edwards,RB,PIT,31.0,70.0,201,23.0,24.4,0,2024.0,Georgia,,
00-0033893,Dalvin Cook,RB,DAL,20.0,70.0,210,29.0,30.1,7,2017.0,Florida State,41.0,MIN
00-0037258,Dameon Pierce,RB,HOU,31.0,70.0,215,24.0,25.5,2,2022.0,Florida,107.0,HOU
00-0039230,Dante Miller,RB,NYG,25.0,70.0,200,25.0,26.3,0,2024.0,South Carolina,,
00-0033854,Dare Ogunbowale,RB,HOU,33.0,71.0,205,30.0,31.3,7,2017.0,Wisconsin,,
00-0036297,Darrynton Evans,RB,CHI,25.0,70.0,200,26.0,27.1,4,2020.0,Appalachian State,93.0,TEN
00-0035685,David Montgomery,RB,DET,5.0,71.0,222,27.0,28.2,5,2019.0,Iowa State,73.0,CHI
00-0039040,De'Von Achane,RB,MIA,28.0,69.0,185,22.0,23.9,1,2023.0,Texas A&amp;M,84.0,MIA
00-0039687,DeShaun Fenwick,RB,GB,35.0,74.0,225,24.0,25.7,0,2024.0,Oregon State,,
00-0039046,DeWayne McBride,RB,MIN,27.0,71.0,210,23.0,24.2,1,2023.0,Alabama-Birmingham,222.0,MIN
00-0036425,DeeJay Dallas,RB,ARI,20.0,70.0,214,25.0,27.0,4,2020.0,Miami,144.0,SEA
00-0036654,Demetric Felton,RB,WAS,37.0,69.0,185,26.0,27.1,3,2021.0,UCLA,211.0,CLE
00-0038518,Deneric Prince,RB,MIA,35.0,72.0,219,24.0,25.4,1,2023.0,Tulsa,,
00-0036493,Deon Jackson,RB,NYJ,34.0,72.0,220,25.0,26.5,3,2021.0,Duke,,
00-0032764,Derrick Henry,RB,BAL,22.0,75.0,247,30.0,31.7,8,2016.0,Alabama,45.0,TEN
00-0038622,Deuce Vaughn,RB,DAL,42.0,66.0,176,22.0,23.8,1,2023.0,Kansas State,212.0,DAL
00-0035250,Devin Singletary,RB,NYG,26.0,67.0,203,26.0,28.0,5,2019.0,Florida Atlantic,74.0,BUF
00-0039647,Dillon Johnson,RB,CAR,35.0,72.0,215,23.0,24.2,0,2024.0,Washington,,
00-0039407,Dylan Laube,RB,LV,23.0,70.0,208,24.0,25.7,0,2024.0,New Hampshire,208.0,LV
00-0039629,Elijah Collins,RB,CIN,34.0,73.0,215,24.0,25.1,0,2024.0,Oklahoma State,,
00-0038862,Elijah Dotson,RB,ATL,41.0,69.0,200,25.0,26.6,1,2023.0,Northern Colorado,,
00-0036567,Elijah Mitchell,RB,SF,25.0,70.0,221,26.0,27.3,3,2021.0,Louisiana-Lafayette,194.0,SF
00-0038965,Ellis Merriweather,RB,GB,38.0,73.0,225,25.0,26.4,1,2023.0,Massachusetts,,
00-0039311,Emani Bailey,RB,CAR,39.0,67.0,207,22.0,23.8,0,2024.0,Texas Christian,,
00-0038797,Emanuel Wilson,RB,GB,31.0,71.0,220,25.0,26.3,1,2023.0,Fort Valley State,,
00-0038705,Emari Demercado,RB,ARI,31.0,69.0,210,25.0,26.6,1,2023.0,Texas Christian,,
00-0038396,Eric Gray,RB,NYG,20.0,70.0,210,24.0,25.8,1,2023.0,Oklahoma,172.0,NYG
00-0038397,Evan Hull,RB,IND,26.0,70.0,210,23.0,24.8,1,2023.0,Northwestern,176.0,IND
00-0033045,Ezekiel Elliott,RB,LAC,24.0,72.0,228,29.0,30.1,8,2016.0,Ohio State,4.0,DAL
00-0039471,Frank Gore Jr.,RB,BUF,20.0,68.0,200,22.0,23.5,0,2024.0,Southern Mississippi,,
00-0036569,Gary Brightwell,RB,CIN,44.0,73.0,218,26.0,27.5,3,2021.0,Arizona,196.0,NYG
00-0039299,George Holani,RB,SEA,36.0,70.0,210,24.0,25.7,0,2024.0,Boise State,,
00-0034184,Gus Edwards,RB,LAC,4.0,73.0,238,29.0,30.4,6,2018.0,Rutgers,,
00-0038714,Hassan Hall,RB,ARI,48.0,70.0,196,24.0,25.0,1,2023.0,Georgia Tech,,
00-0037617,Hassan Haskins,RB,LAC,28.0,74.0,220,24.0,25.8,2,2022.0,Michigan,131.0,TEN
00-0038738,Hunter Luepke,RB,DAL,40.0,73.0,236,24.0,25.5,1,2023.0,North Dakota State,,
00-0039466,Ian Wheeler,RB,CHI,33.0,71.0,205,22.0,24.0,0,2024.0,Howard,,
00-0039363,Isaac Guerendo,RB,SF,31.0,72.0,225,24.0,25.2,0,2024.0,Louisville,129.0,SF
00-0039798,Isaiah Davis,RB,NYJ,32.0,73.0,220,22.0,23.5,0,2024.0,South Dakota State,173.0,NYJ
00-0038045,Isaiah Spiller,RB,LV,38.0,73.0,215,23.0,24.1,2,2022.0,Texas A&amp;M,123.0,LAC
00-0037197,Isiah Pacheco,RB,KC,10.0,70.0,215,25.0,26.5,2,2022.0,Rutgers,251.0,KC
00-0038389,Israel Abanikanda,RB,SF,20.0,70.0,215,21.0,22.9,1,2023.0,Pittsburgh,143.0,NYJ
00-0036096,J.J. Taylor,RB,HOU,26.0,66.0,185,26.0,27.7,4,2020.0,Arizona,,
00-0036158,J.K. Dobbins,RB,LAC,27.0,70.0,214,25.0,26.7,4,2020.0,Ohio State,55.0,BAL
00-0035806,JaMycal Hasty,RB,NE,39.0,68.0,205,27.0,29.0,4,2020.0,Baylor,,
00-0039652,Jabari Small,RB,TEN,31.0,69.0,213,23.0,24.6,0,2024.0,Tennessee,,
00-0038875,Jack Colletto,RB,PIT,45.0,75.0,239,25.0,26.8,1,2023.0,Oregon State,,
00-0039617,Jacob Kibodi,RB,CLE,36.0,73.0,225,25.0,26.9,0,2024.0,Louisiana-Lafayette,,
00-0038896,Jacob Saylors,RB,CLE,35.0,71.0,195,24.0,25.5,1,2023.0,East Tennessee State,,
00-0039503,Jaden Shirden,RB,CAR,35.0,69.0,195,22.0,23.3,0,2024.0,"Monmouth, N.J.",,
00-0039139,Jahmyr Gibbs,RB,DET,26.0,69.0,200,22.0,23.5,1,2023.0,Alabama,12.0,DET
00-0036860,Jake Funk,RB,JAX,36.0,70.0,205,26.0,27.6,3,2021.0,Maryland,233.0,LA
00-0035726,Jakob Johnson,RB,NYG,89.0,75.0,255,29.0,30.7,5,2019.0,Tennessee,,
00-0038794,Jaleel McLaughlin,RB,DEN,38.0,67.0,183,23.0,25.0,1,2023.0,Youngstown State,,
00-0039554,Jalen Jackson,RB,JAX,36.0,69.0,220,24.0,25.2,0,2024.0,Villanova,,
00-0033948,Jamaal Williams,RB,NO,21.0,72.0,213,29.0,30.4,7,2017.0,Brigham Young,134.0,GB
00-0033553,James Conner,RB,ARI,6.0,73.0,233,29.0,30.3,7,2017.0,Pittsburgh,105.0,PIT
00-0037248,James Cook,RB,BUF,4.0,71.0,190,24.0,25.9,2,2022.0,Georgia,63.0,BUF
00-0035831,James Robinson,RB,NO,26.0,70.0,220,26.0,27.1,4,2020.0,Illinois State,,
00-0036755,Jaret Patterson,RB,LAC,34.0,68.0,195,24.0,25.7,3,2021.0,Buffalo,,
00-0039271,Jarveon Howard,RB,GB,35.0,70.0,202,24.0,25.8,0,2024.0,Alcorn State,,
00-0039393,Jase McClellan,RB,ATL,30.0,71.0,212,22.0,23.2,0,2024.0,Alabama,186.0,ATL
00-0037410,Jashaun Corbin,RB,NYG,35.0,72.0,221,24.0,25.0,2,2022.0,Florida State,,
00-0036997,Javonte Williams,RB,DEN,33.0,70.0,220,24.0,25.4,3,2021.0,North Carolina,35.0,DEN
00-0039405,Jawhar Jordan,RB,HOU,42.0,70.0,185,25.0,26.0,0,2024.0,Louisville,205.0,HOU
00-0037228,Jaylen Warren,RB,PIT,30.0,68.0,225,25.0,26.8,2,2022.0,Oklahoma State,,
00-0039874,Jaylen Wright,RB,MIA,25.0,71.0,210,21.0,22.4,0,2024.0,Tennessee,120.0,MIA
00-0034115,Jeff Wilson,RB,MIA,23.0,72.0,194,28.0,29.8,6,2018.0,North Texas,,
00-0033955,Jeremy McNichols,RB,WAS,26.0,69.0,205,28.0,29.7,7,2017.0,Boise State,162.0,TB
00-0036670,Jermar Jefferson,RB,DET,28.0,70.0,209,24.0,25.4,3,2021.0,Oregon State,257.0,DET
00-0037267,Jerome Ford,RB,CLE,34.0,70.0,220,24.0,26.0,2,2022.0,Cincinnati,156.0,CLE
00-0033897,Joe Mixon,RB,HOU,28.0,73.0,220,28.0,29.1,7,2017.0,Oklahoma,48.0,CIN
00-0034808,John Kelly,RB,CLE,42.0,70.0,205,27.0,28.9,6,2018.0,Tennessee,176.0,LA
00-0036223,Jonathan Taylor,RB,IND,28.0,70.0,221,25.0,26.6,4,2020.0,Wisconsin,41.0,IND
00-0035924,Jonathan Ward,RB,PIT,35.0,72.0,202,26.0,27.9,4,2020.0,Central Michigan,,
00-0039344,Jonathon Brooks,RB,CAR,24.0,72.0,207,21.0,22.1,0,2024.0,Texas,46.0,CAR
00-0037525,Jordan Mason,RB,SF,24.0,71.0,218,25.0,26.3,2,2022.0,Georgia Tech,,
00-0038678,Jordan Mims,RB,NO,33.0,72.0,205,25.0,26.2,1,2023.0,Fresno State,,
00-0035700,Josh Jacobs,RB,GB,8.0,70.0,220,26.0,27.6,5,2019.0,Alabama,24.0,OAK
00-0036370,Joshua Kelley,RB,TEN,25.0,71.0,219,26.0,27.8,4,2020.0,UCLA,112.0,LAC
00-0037594,Julius Chestnut,RB,TEN,36.0,71.0,215,23.0,24.8,2,2022.0,Sacred Heart,,
00-0034975,Justice Hill,RB,BAL,43.0,70.0,200,26.0,27.8,5,2019.0,Oklahoma State,113.0,BAL
00-0039940,Kairee Robinson,RB,SEA,35.0,67.0,195,24.0,25.5,0,2024.0,San Jose State,,
00-0033923,Kareem Hunt,RB,KC,29.0,71.0,216,29.0,30.1,7,2017.0,Toledo,86.0,KC
00-0038830,Kazmeir Allen,RB,WAS,31.0,68.0,175,24.0,25.5,1,2023.0,UCLA,,
00-0036450,Ke'Shawn Vaughn,RB,SF,49.0,70.0,215,27.0,28.3,4,2020.0,Vanderbilt,76.0,TB
00-0037299,Keaontay Ingram,RB,KC,38.0,72.0,215,24.0,25.9,2,2022.0,Southern California,201.0,ARI
00-0038454,Keaton Mitchell,RB,BAL,34.0,68.0,184,22.0,23.6,1,2023.0,East Carolina,,
00-0039385,Keilan Robinson,RB,JAX,31.0,68.0,188,24.0,25.5,0,2024.0,Texas,167.0,JAX
00-0039266,Kendall Milton,RB,CIN,36.0,74.0,220,22.0,23.6,0,2024.0,Georgia,,
00-0038551,Kendre Miller,RB,NO,25.0,72.0,220,22.0,23.2,1,2023.0,Texas Christian,71.0,NO
00-0036842,Kene Nwangwu,RB,NYJ,34.0,73.0,205,26.0,27.6,3,2021.0,Iowa State,119.0,MIN
00-0036919,Kenneth Gainwell,RB,PHI,14.0,69.0,191,25.0,26.5,3,2021.0,Memphis,150.0,PHI
00-0038134,Kenneth Walker III,RB,SEA,9.0,69.0,210,23.0,24.9,2,2022.0,Michigan State,41.0,SEA
00-0038636,Kenny McIntosh,RB,SEA,25.0,72.0,210,24.0,25.5,1,2023.0,Georgia,237.0,SEA
00-0037286,Kevin Harris,RB,NE,36.0,70.0,220,23.0,24.8,2,2022.0,South Carolina,183.0,NE
00-0036906,Khalil Herbert,RB,CIN,34.0,69.0,212,26.0,27.4,3,2021.0,Virginia Tech,217.0,CHI
00-0035099,Khari Blasingame,RB,PHI,48.0,72.0,233,28.0,29.2,5,2019.0,Vanderbilt,,
00-0039391,Kimani Vidal,RB,LAC,30.0,68.0,215,23.0,24.0,0,2024.0,Troy,181.0,LAC
00-0039302,Kobe Lewis,RB,SEA,44.0,70.0,215,24.0,25.2,0,2024.0,Florida Atlantic,,
00-0029892,Kyle Juszczyk,RB,SF,44.0,74.0,240,33.0,34.4,11,2013.0,Harvard,130.0,BAL
00-0037840,Kyren Williams,RB,LA,23.0,69.0,199,24.0,25.0,2,2022.0,Notre Dame,164.0,LA
00-0036269,La'Mical Perine,RB,PIT,35.0,71.0,220,26.0,27.6,4,2020.0,Florida,120.0,NYJ
00-0038409,Lew Nichols III,RB,PHI,38.0,70.0,222,23.0,24.0,1,2023.0,Central Michigan,235.0,GB
00-0039557,Lorenzo Lingard,RB,NYG,28.0,72.0,205,25.0,26.3,0,2024.0,Akron,,
00-0039228,Louis Rees-Zammit,RB,JAX,84.0,75.0,194,23.0,24.6,0,2024.0,No College,,
00-0037563,Malik Davis,RB,DAL,34.0,70.0,207,25.0,26.8,2,2022.0,Florida,,
00-0039811,MarShawn Lloyd,RB,GB,32.0,69.0,210,23.0,24.7,0,2024.0,Southern California,88.0,GB
00-0039786,Markese Stepp,RB,NYJ,,73.0,225,,,0,2024.0,Western Kentucky,,
00-0033308,Matt Breida,RB,SF,28.0,70.0,190,29.0,30.5,7,2017.0,Georgia Southern,,
00-0031595,Michael Burton,RB,DEN,20.0,71.0,240,32.0,33.6,9,2015.0,Rutgers,168.0,DET
00-0036924,Michael Carter,RB,ARI,22.0,68.0,200,25.0,26.3,3,2021.0,North Carolina,107.0,NYJ
00-0039684,Michael Wiley,RB,WAS,34.0,72.0,215,22.0,23.8,0,2024.0,Arizona,,
00-0034208,Mike Boone,RB,CAR,34.0,70.0,205,29.0,30.1,6,2018.0,Cincinnati,,
00-0035243,Miles Sanders,RB,CAR,6.0,71.0,211,27.0,28.3,5,2019.0,Penn State,53.0,PHI
00-0038656,Mohamed Ibrahim,RB,MIN,36.0,70.0,210,24.0,26.0,1,2023.0,Minnesota,,
00-0035311,Myles Gaskin,RB,JAX,38.0,70.0,200,27.0,28.5,5,2019.0,Washington,234.0,MIA
00-0036893,Najee Harris,RB,PIT,22.0,73.0,230,26.0,27.5,3,2021.0,Alabama,24.0,PIT
00-0036582,Nate McCrary,RB,GB,30.0,73.0,225,25.0,26.4,3,2021.0,Saginaw Valley State,,
00-0039529,Nathaniel Peat,RB,DAL,36.0,70.0,206,24.0,25.0,0,2024.0,Missouri,,
00-0034433,Nick Bawden,RB,HOU,83.0,74.0,245,28.0,29.2,6,2018.0,San Diego State,237.0,DET
00-0034791,Nick Chubb,RB,CLE,24.0,71.0,225,28.0,29.7,6,2018.0,Georgia,35.0,CLE
00-0039627,Noah Cain,RB,CIN,36.0,71.0,220,23.0,24.7,0,2024.0,Louisiana State,,
00-0034367,Nyheim Hines,RB,CLE,22.0,69.0,198,27.0,28.8,6,2018.0,North Carolina State,104.0,IND
00-0038458,Owen Wright,RB,BAL,36.0,69.0,225,25.0,26.5,1,2023.0,"Monmouth, N.J.",,
00-0033376,Patrick Ricard,RB,BAL,42.0,75.0,311,30.0,31.3,7,2017.0,Maine,,
00-0035973,Patrick Taylor,RB,SF,32.0,73.0,223,26.0,27.3,4,2020.0,Memphis,,
00-0038098,Pierre Strong,RB,CLE,20.0,71.0,205,25.0,26.7,2,2022.0,South Dakota State,127.0,NE
00-0037256,Rachaad White,RB,TB,1.0,72.0,210,25.0,26.6,2,2022.0,Arizona State,91.0,TB
00-0037429,Raheem Blackshear,RB,CAR,3.0,69.0,194,26.0,27.2,2,2022.0,Virginia Tech,,
00-0031687,Raheem Mostert,RB,MIA,31.0,70.0,197,32.0,33.4,9,2015.0,Purdue,,
00-0039766,Ramon Jefferson,RB,TB,45.0,70.0,215,24.0,25.6,0,2024.0,Kentucky,,
00-0034750,Rashaad Penny,RB,CAR,28.0,71.0,220,28.0,29.6,6,2018.0,San Diego State,27.0,SEA
00-0039796,Rasheen Ali,RB,BAL,26.0,71.0,209,23.0,24.5,0,2024.0,Marshall,165.0,BAL
00-0039875,Ray Davis,RB,BUF,22.0,68.0,216,24.0,25.8,0,2024.0,Kentucky,128.0,BUF
00-0036187,Reggie Gilliam,RB,BUF,41.0,72.0,255,27.0,28.0,4,2020.0,Toledo,,
00-0036875,Rhamondre Stevenson,RB,NE,38.0,72.0,246,26.0,27.5,3,2021.0,Oklahoma,120.0,NE
00-0036139,Rico Dowdle,RB,DAL,23.0,72.0,215,26.0,27.2,4,2020.0,South Carolina,,
00-0038419,Robert Burns,RB,ATL,39.0,71.0,228,25.0,26.9,1,2023.0,Connecticut,,
00-0037557,Ronnie Rivers,RB,LA,20.0,69.0,190,25.0,26.6,2,2022.0,Fresno State,,
00-0039021,Roschon Johnson,RB,CHI,23.0,72.0,222,23.0,24.6,1,2023.0,Texas,115.0,CHI
00-0034838,Royce Freeman,RB,LA,35.0,72.0,238,28.0,29.5,6,2018.0,Oregon,71.0,DEN
00-0038910,SaRodorick Thompson Jr.,RB,LA,27.0,72.0,215,24.0,25.9,1,2023.0,Texas Tech,,
00-0036020,Salvon Ahmed,RB,IND,36.0,71.0,196,25.0,26.7,4,2020.0,Washington,,
00-0039651,Sam Schnee,RB,TEN,87.0,70.0,0,24.0,25.4,0,2024.0,Northern Iowa,,
00-0033526,Samaje Perine,RB,KC,34.0,70.0,240,28.0,30.0,7,2017.0,Oklahoma,114.0,WAS
00-0034844,Saquon Barkley,RB,PHI,26.0,72.0,233,27.0,28.6,6,2018.0,Penn State,2.0,NYG
00-0038614,Scott Matlock,RB,LAC,44.0,76.0,300,24.0,25.2,1,2023.0,Boise State,200.0,LAC
00-0038951,Sean Tucker,RB,TB,44.0,70.0,210,22.0,23.9,1,2023.0,Syracuse,,
00-0037509,Sincere McCormick,RB,LV,28.0,69.0,205,23.0,25.0,2,2022.0,Texas-San Antonio,,
00-0039364,Sione Vaki,RB,DET,33.0,71.0,208,23.0,24.1,0,2024.0,Utah,132.0,DET
00-0037265,Snoop Conner,RB,DAL,32.0,70.0,220,24.0,25.1,2,2022.0,Mississippi,154.0,JAX
00-0036543,Spencer Brown,RB,ATL,42.0,72.0,220,25.0,26.8,3,2021.0,Alabama-Birmingham,,
00-0039308,TaMerik Williams,RB,SEA,,73.0,227,,,0,2024.0,North Dakota State,,
00-0038555,Tank Bigsby,RB,JAX,4.0,71.0,213,22.0,23.0,1,2023.0,Auburn,88.0,JAX
00-0033556,Tarik Cohen,RB,NYJ,28.0,66.0,191,29.0,30.1,7,2017.0,North Carolina A&amp;T,119.0,CHI
00-0039757,Terrell Jennings,RB,NE,26.0,72.0,225,23.0,24.7,0,2024.0,Florida A&amp;M,,
00-0035860,Tony Jones,RB,ARI,37.0,71.0,225,26.0,27.8,4,2020.0,Notre Dame,,
00-0035261,Tony Pollard,RB,TEN,20.0,72.0,209,27.0,28.3,5,2019.0,Memphis,128.0,DAL
00-0036973,Travis Etienne,RB,JAX,1.0,70.0,200,25.0,26.6,3,2021.0,Clemson,25.0,JAX
00-0035594,Travis Homer,RB,CHI,20.0,70.0,202,26.0,27.1,5,2019.0,Miami,204.0,SEA
00-0035291,Trayveon Williams,RB,CIN,32.0,68.0,206,26.0,27.9,5,2019.0,Texas A&amp;M,182.0,CIN
00-0039581,Trent Pennix,RB,IND,36.0,74.0,0,24.0,25.7,0,2024.0,North Carolina State,,
00-0039921,Trey Benson,RB,ARI,33.0,73.0,215,22.0,23.1,0,2024.0,Florida State,66.0,ARI
00-0036984,Trey Sermon,RB,IND,27.0,72.0,215,25.0,26.6,3,2021.0,Ohio State,88.0,SF
00-0037456,Troy Hairston,RB,HOU,34.0,71.0,245,25.0,26.7,2,2022.0,Central Michigan,,
00-0037276,Ty Chandler,RB,MIN,32.0,71.0,210,26.0,27.3,2,2022.0,North Carolina,169.0,MIN
00-0035537,Ty Johnson,RB,BUF,26.0,70.0,210,26.0,28.0,5,2019.0,Maryland,186.0,DET
00-0039032,Tyjae Spears,RB,TEN,2.0,71.0,195,23.0,24.2,1,2023.0,Tulane,81.0,TEN
00-0037263,Tyler Allgeier,RB,ATL,25.0,70.0,220,24.0,25.4,2,2022.0,Brigham Young,151.0,ATL
00-0037085,Tyler Badie,RB,DEN,28.0,68.0,194,25.0,26.6,2,2022.0,Missouri,196.0,BAL
00-0037120,Tyler Goodson,RB,IND,31.0,69.0,199,23.0,24.8,2,2022.0,Iowa,,
00-0037450,Tyreik McAllister,RB,LV,32.0,70.0,174,26.0,27.4,2,2022.0,"Charleston, W. Va.",,
00-0037827,Tyrion Davis-Price,RB,PHI,35.0,73.0,223,23.0,24.9,2,2022.0,Louisiana State,93.0,SF
00-0039384,Tyrone Tracy Jr.,RB,NYG,29.0,71.0,210,24.0,25.8,0,2024.0,Purdue,166.0,NYG
00-0037745,Velus Jones Jr.,RB,CAR,28.0,72.0,200,27.0,28.3,2,2022.0,Tennessee,71.0,CHI
00-0039746,Will Shipley,RB,PHI,28.0,71.0,210,22.0,23.0,0,2024.0,Clemson,127.0,PHI
00-0038727,Xazavian Valladay,RB,NO,34.0,72.0,200,26.0,27.2,1,2023.0,Arizona State,,
00-0039165,Zach Charbonnet,RB,SEA,26.0,73.0,220,23.0,24.6,1,2023.0,UCLA,52.0,SEA
00-0039136,Zach Evans,RB,NYJ,21.0,71.0,215,23.0,24.3,1,2023.0,Mississippi,215.0,LA
00-0036251,Zack Moss,RB,CIN,31.0,70.0,215,26.0,27.7,4,2020.0,Utah,86.0,BUF
00-0038040,Zamir White,RB,LV,3.0,72.0,215,24.0,26.0,2,2022.0,Georgia,122.0,LV
00-0037331,Zander Horvath,RB,MIA,26.0,75.0,230,25.0,26.7,2,2022.0,Purdue,260.0,LAC
00-0038440,Zavier Scott,RB,MIN,36.0,73.0,207,25.0,26.1,1,2023.0,Maine,,
00-0039793,AJ Barner,TE,SEA,88.0,78.0,251,22.0,23.3,0,2024.0,Michigan,121.0,SEA
00-0036422,Adam Trautman,TE,DEN,82.0,77.0,253,27.0,28.6,4,2020.0,Dayton,105.0,NO
00-0036423,Albert Okwuegbunam,TE,IND,84.0,77.0,255,26.0,27.4,4,2020.0,Missouri,118.0,DEN
00-0039524,Alec Holler,TE,DAL,49.0,75.0,230,25.0,26.1,0,2024.0,Central Florida,,
00-0037292,Andrew Ogletree,TE,IND,85.0,77.0,250,26.0,27.1,2,2022.0,Youngstown State,192.0,IND
00-0033455,Anthony Firkser,TE,KC,85.0,74.0,246,29.0,30.5,7,2017.0,Harvard,,
00-0037168,Armani Rogers,TE,BUF,88.0,77.0,227,26.0,27.7,2,2022.0,Ohio,,
00-0032392,Austin Hooper,TE,NE,81.0,76.0,254,29.0,30.8,8,2016.0,Stanford,81.0,ATL
00-0039728,Austin Stogner,TE,ATL,88.0,78.0,258,24.0,25.6,0,2024.0,Oklahoma,,
00-0039316,Baylor Cupp,TE,KC,47.0,78.0,260,24.0,25.3,0,2024.0,Texas Tech,,
00-0036565,Ben Mason,TE,LAC,44.0,75.0,254,25.0,26.3,3,2021.0,Michigan,184.0,BAL
00-0038809,Ben Sims,TE,GB,89.0,77.0,258,24.0,25.3,1,2023.0,Baylor,,
00-0039912,Ben Sinnott,TE,WAS,82.0,76.0,245,22.0,23.2,0,2024.0,Kansas State,53.0,WAS
00-0037020,Bernhard Seikovits,TE,ARI,47.0,77.0,262,27.0,28.1,3,2021.0,No College,,
00-0038710,Blake Whiteheart,TE,CLE,86.0,76.0,243,24.0,25.4,1,2023.0,Wake Forest,,
00-0038488,Brady Russell,TE,SEA,38.0,75.0,250,26.0,27.0,1,2023.0,Colorado,,
00-0038643,Brayden Willis,TE,SF,9.0,76.0,235,24.0,25.8,1,2023.0,Oklahoma,247.0,SF
00-0039458,Brenden Bates,TE,CLE,82.0,77.0,251,24.0,25.9,0,2024.0,Kentucky,,
00-0038935,Brenton Strange,TE,JAX,85.0,76.0,247,23.0,24.7,1,2023.0,Penn State,61.0,JAX
00-0036556,Brevin Jordan,TE,HOU,9.0,75.0,245,24.0,25.1,3,2021.0,Miami,147.0,HOU
00-0039530,Brevyn Spann-Ford,TE,DAL,89.0,79.0,270,24.0,25.7,0,2024.0,Minnesota,,
00-0039338,Brock Bowers,TE,LV,89.0,76.0,230,21.0,22.7,0,2024.0,Georgia,13.0,LV
00-0036754,Brock Wright,TE,DET,89.0,77.0,255,25.0,26.8,3,2021.0,Notre Dame,,
00-0032134,C.J. Uzomah,TE,PHI,47.0,78.0,260,31.0,32.6,9,2015.0,Auburn,157.0,CIN
00-0038129,Cade Otton,TE,TB,88.0,77.0,250,25.0,26.4,2,2022.0,Washington,106.0,TB
00-0039359,Cade Stover,TE,HOU,87.0,76.0,251,24.0,25.2,0,2024.0,Ohio State,123.0,HOU
00-0039631,Cam Grandy,TE,CIN,85.0,77.0,260,24.0,25.8,0,2024.0,Illinois State,,
00-0038564,Cameron Latu,TE,PHI,82.0,77.0,244,24.0,25.5,1,2023.0,Alabama,101.0,SF
00-0038046,Charlie Kolar,TE,BAL,88.0,78.0,255,25.0,26.6,2,2022.0,Iowa State,128.0,BAL
00-0036429,Charlie Woerner,TE,ATL,89.0,77.0,245,26.0,27.9,4,2020.0,Georgia,190.0,SF
00-0037809,Chig Okonkwo,TE,TEN,85.0,75.0,250,24.0,26.0,2,2022.0,Maryland,143.0,TEN
00-0031484,Chris Manhertz,TE,NYG,85.0,78.0,255,32.0,33.4,9,2015.0,Canisius,,
00-0035345,Chris Myarick,TE,HOU,84.0,77.0,255,28.0,29.9,5,2019.0,Temple,,
00-0036244,Colby Parkinson,TE,LA,86.0,79.0,251,25.0,26.7,4,2020.0,Stanford,133.0,SEA
00-0037506,Cole Fotheringham,TE,LV,83.0,76.0,243,26.0,27.9,2,2022.0,Utah,,
00-0036290,Cole Kmet,TE,CHI,85.0,78.0,258,25.0,26.5,4,2020.0,Notre Dame,43.0,CHI
00-0037078,Cole Turner,TE,WAS,88.0,78.0,240,24.0,25.5,2,2022.0,Nevada,149.0,WAS
00-0037304,Connor Heyward,TE,PIT,83.0,72.0,230,25.0,26.6,2,2022.0,Michigan State,208.0,PIT
00-0034351,Dallas Goedert,TE,PHI,88.0,77.0,256,29.0,30.7,6,2018.0,South Dakota State,49.0,PHI
00-0039613,Dallin Holker,TE,NO,85.0,75.0,235,24.0,25.4,0,2024.0,Colorado State,,
00-0036225,Dalton Keene,TE,HOU,40.0,76.0,251,25.0,26.4,4,2020.0,Virginia Tech,101.0,NE
00-0038933,Dalton Kincaid,TE,BUF,86.0,76.0,240,24.0,25.9,1,2023.0,Utah,25.0,BUF
00-0034383,Dalton Schultz,TE,HOU,86.0,77.0,242,28.0,29.1,6,2018.0,Stanford,137.0,DAL
00-0038115,Daniel Bellinger,TE,NYG,82.0,78.0,255,23.0,24.9,2,2022.0,San Diego State,112.0,NYG
00-0038558,Darnell Washington,TE,PIT,80.0,79.0,265,23.0,24.0,1,2023.0,Georgia,93.0,PIT
00-0031610,Darren Waller,TE,NYG,12.0,78.0,255,31.0,33.0,9,2015.0,Georgia Tech,204.0,BAL
00-0039648,David Martin-Robinson,TE,TEN,88.0,75.0,255,24.0,25.7,0,2024.0,Temple,,
00-0033885,David Njoku,TE,CLE,85.0,76.0,246,28.0,29.1,7,2017.0,Miami,29.0,CLE
00-0034575,David Wells,TE,TB,89.0,77.0,255,29.0,30.3,6,2018.0,San Diego State,,
00-0039074,Davis Allen,TE,LA,87.0,78.0,250,23.0,24.6,1,2023.0,Clemson,175.0,LA
00-0035689,Dawson Knox,TE,BUF,88.0,76.0,254,27.0,28.8,5,2019.0,Mississippi,96.0,BUF
00-0039754,Devin Culp,TE,TB,82.0,76.0,237,24.0,25.6,0,2024.0,Washington,246.0,TB
00-0039952,Devon Garrison,TE,SEA,46.0,78.0,240,24.0,25.9,0,2024.0,Pittsburg State,,
00-0036456,Dominique Dafney,TE,CAR,46.0,74.0,235,27.0,28.2,4,2020.0,Indiana State,,
00-0035329,Donald Parham,TE,DEN,89.0,80.0,237,27.0,28.0,5,2019.0,Stetson University,,
00-0035631,Drew Sample,TE,CIN,89.0,77.0,259,28.0,29.4,5,2019.0,Washington,52.0,CIN
00-0034798,Durham Smythe,TE,MIA,81.0,78.0,260,29.0,30.1,6,2018.0,Notre Dame,123.0,MIA
00-0039574,Dylan Leonard,TE,DEN,84.0,77.0,240,,,0,2024.0,Georgia Tech,,
00-0038498,E.J. Jenkins,TE,PHI,84.0,78.0,243,25.0,26.8,1,2023.0,Georgia Tech,,
00-0039041,Elijah Higgins,TE,ARI,84.0,75.0,234,23.0,24.8,1,2023.0,Stanford,197.0,MIA
00-0033576,Eric Saubert,TE,SF,82.0,77.0,253,30.0,31.3,7,2017.0,Drake,174.0,ATL
00-0031690,Eric Tomlinson,TE,LAC,83.0,78.0,263,32.0,33.4,9,2015.0,Texas-El Paso,,
00-0039814,Erick All,TE,CIN,83.0,77.0,255,23.0,25.0,0,2024.0,Iowa,115.0,CIN
00-0033881,Evan Engram,TE,JAX,17.0,75.0,240,29.0,31.0,7,2017.0,Mississippi,23.0,NYG
00-0036825,Feleipe Franks,TE,CAR,84.0,78.0,245,26.0,27.7,3,2021.0,Arkansas,,
00-0034981,Foster Moreau,TE,NO,87.0,76.0,250,27.0,28.3,5,2019.0,Louisiana State,137.0,OAK
00-0032141,Geoff Swaim,TE,CLE,84.0,76.0,260,30.0,32.0,9,2015.0,Texas,246.0,DAL
00-0039941,Geor'Quarius Spivey,TE,KC,85.0,77.0,240,24.0,25.9,0,2024.0,Mississippi State,,
00-0033288,George Kittle,TE,SF,85.0,76.0,250,30.0,31.9,7,2017.0,Iowa,146.0,SF
00-0033895,Gerald Everett,TE,CHI,14.0,75.0,240,30.0,31.2,7,2017.0,South Alabama,44.0,LA
00-0037233,Gerrit Prince,TE,KC,45.0,77.0,240,27.0,28.0,2,2022.0,Alabama-Birmingham,,
00-0035956,Giovanni Ricci,TE,CLE,87.0,75.0,240,27.0,28.9,4,2020.0,Western Michigan,,
00-0037086,Grant Calcaterra,TE,PHI,81.0,76.0,221,25.0,26.7,2,2022.0,Southern Methodist,198.0,PHI
00-0037252,Greg Dulcich,TE,NYG,89.0,76.0,250,24.0,25.4,2,2022.0,UCLA,80.0,DEN
00-0036232,Harrison Bryant,TE,LV,84.0,77.0,240,26.0,27.4,4,2020.0,Florida Atlantic,115.0,CLE
00-0034830,Hayden Hurst,TE,LAC,88.0,76.0,245,31.0,32.0,6,2018.0,South Carolina,25.0,BAL
00-0039489,Hayden Rucci,TE,MIA,87.0,77.0,253,23.0,24.6,0,2024.0,Wisconsin,,
00-0038468,Henry Pearson,TE,GB,44.0,75.0,245,24.0,25.8,1,2023.0,Appalachian State,,
00-0033090,Hunter Henry,TE,NE,85.0,77.0,250,29.0,30.7,8,2016.0,Arkansas,35.0,SD
00-0036779,Hunter Kampmoyer,TE,DEN,84.0,76.0,244,26.0,27.6,3,2021.0,Oregon,,
00-0037004,Hunter Long,TE,LA,84.0,77.0,253,26.0,27.0,3,2021.0,Boston College,81.0,MIA
00-0034365,Ian Thomas,TE,CAR,80.0,76.0,260,28.0,29.2,6,2018.0,Indiana,101.0,CAR
00-0034970,Irv Smith,TE,HOU,83.0,74.0,240,26.0,27.1,5,2019.0,Alabama,50.0,MIN
00-0039452,Isaac Rex,TE,LAC,85.0,78.0,255,,,0,2024.0,Brigham Young,,
00-0037838,Isaiah Likely,TE,BAL,80.0,76.0,240,24.0,25.4,2,2022.0,Coastal Carolina,139.0,BAL
00-0039356,Ja'Tavion Sanders,TE,CAR,0.0,76.0,243,21.0,22.4,0,2024.0,Texas,101.0,CAR
00-0036741,Jack Stoll,TE,MIA,80.0,76.0,260,26.0,27.6,3,2021.0,Nebraska,,
00-0039305,Jack Westover,TE,NE,87.0,75.0,248,25.0,26.2,0,2024.0,Washington,,
00-0033387,Jacob Hollister,TE,CAR,87.0,76.0,245,30.0,31.8,7,2017.0,Wyoming,,
00-0039695,Jacob Warren,TE,NE,45.0,78.0,253,24.0,25.2,0,2024.0,Tennessee,,
00-0039420,Jaheim Bell,TE,NE,88.0,74.0,239,23.0,24.2,0,2024.0,Florida State,231.0,NE
00-0038041,Jake Ferguson,TE,DAL,87.0,77.0,250,25.0,26.6,2,2022.0,Wisconsin,129.0,DAL
00-0037112,Jake Tonges,TE,SF,88.0,76.0,240,25.0,26.2,2,2022.0,California,,
00-0037282,James Mitchell,TE,DET,82.0,76.0,255,25.0,26.1,2,2022.0,Virginia Tech,177.0,DET
00-0039824,Jared Wiley,TE,KC,12.0,78.0,260,23.0,24.8,0,2024.0,Texas Christian,131.0,KC
00-0037755,Jelani Woods,TE,IND,80.0,79.0,265,25.0,26.9,2,2022.0,Virginia,73.0,IND
00-0037805,Jeremy Ruckert,TE,NYJ,89.0,77.0,250,24.0,25.1,2,2022.0,Ohio State,101.0,NYJ
00-0035562,Jesper Horsted,TE,CAR,84.0,75.0,237,27.0,28.5,5,2019.0,Princeton,,
00-0039023,Joel Wilson,TE,CHI,86.0,76.0,250,24.0,25.2,1,2023.0,Central Michigan,,
00-0036628,John Bates,TE,WAS,87.0,78.0,256,26.0,27.8,3,2021.0,Boise State,124.0,WAS
00-0037306,John FitzPatrick,TE,GB,86.0,79.0,250,24.0,25.5,2,2022.0,Georgia,213.0,ATL
00-0038920,John Shenker,TE,LV,86.0,76.0,249,25.0,27.0,1,2023.0,Auburn,,
00-0038741,John Stephens Jr.,TE,DAL,81.0,77.0,221,24.0,25.9,1,2023.0,Louisiana-Lafayette,,
00-0038913,Johnny Lumpkin,TE,GB,86.0,78.0,268,26.0,28.0,1,2023.0,Louisiana-Lafayette,,
00-0033246,Johnny Mundt,TE,MIN,86.0,76.0,232,29.0,30.8,7,2017.0,Oregon,,
00-0033858,Jonnu Smith,TE,MIA,9.0,75.0,248,29.0,30.0,7,2017.0,Florida International,100.0,TEN
00-0034364,Jordan Akins,TE,CLE,88.0,76.0,243,32.0,33.4,6,2018.0,Central Florida,98.0,HOU
00-0031299,Jordan Matthews,TE,CAR,81.0,75.0,215,32.0,33.1,10,2014.0,Vanderbilt,42.0,PHI
00-0038999,Jordan Murray,TE,NYG,48.0,77.0,233,24.0,25.4,1,2023.0,Hawaii,,
00-0035547,Joseph Fortson,TE,KC,89.0,76.0,230,28.0,29.7,5,2019.0,Valdosta State,,
00-0035249,Josh Oliver,TE,MIN,84.0,77.0,250,27.0,28.4,5,2019.0,San Jose State,69.0,JAX
00-0036674,Josh Pederson,TE,JAX,87.0,77.0,235,26.0,27.9,3,2021.0,Louisiana-Monroe,,
00-0038589,Josh Whyle,TE,TEN,81.0,79.0,250,24.0,26.0,1,2023.0,Cincinnati,147.0,TEN
00-0036332,Josiah Deguara,TE,JAX,81.0,74.0,240,27.0,28.5,4,2020.0,Cincinnati,94.0,GB
00-0038720,Julian Hill,TE,MIA,89.0,76.0,250,24.0,25.1,1,2023.0,Campbell,,
00-0038590,Justin Shorter,TE,LV,88.0,76.0,228,24.0,25.4,1,2023.0,Florida,150.0,BUF
00-0036040,Juwan Johnson,TE,NO,83.0,76.0,231,27.0,29.0,4,2020.0,Oregon,,
00-0036510,Kenny Yeboah,TE,NYJ,88.0,76.0,240,25.0,26.8,3,2021.0,Mississippi,,
00-0039599,Kevin Foelsch,TE,PHI,43.0,76.0,250,23.0,24.4,0,2024.0,New Haven,,
00-0034193,Kevin Rader,TE,NO,88.0,76.0,250,29.0,30.4,6,2018.0,Youngstown State,,
00-0037311,Ko Kieft,TE,TB,41.0,77.0,265,26.0,27.6,2,2022.0,Minnesota,218.0,TB
00-0036970,Kyle Pitts,TE,ATL,8.0,78.0,250,23.0,24.9,3,2021.0,Florida,4.0,ATL
00-0036876,Kylen Granson,TE,IND,83.0,75.0,235,26.0,27.4,3,2021.0,Southern Methodist,127.0,IND
00-0037724,La'Michael Pettway,TE,NE,46.0,74.0,223,27.0,28.5,4,2023.0,Iowa State,,
00-0036145,Lawrence Cager,TE,WAS,83.0,77.0,220,27.0,28.0,4,2020.0,Georgia,,
00-0039287,Lincoln Sefcik,TE,NYJ,47.0,75.0,230,25.0,26.1,0,2024.0,South Alabama,,
00-0031260,Logan Thomas,TE,SF,48.0,78.0,250,33.0,34.2,10,2014.0,Virginia Tech,120.0,ARI
00-0037539,Lucas Krull,TE,DEN,85.0,78.0,260,26.0,27.1,2,2022.0,Pittsburgh,,
00-0039656,Luke Benson,TE,LAC,41.0,76.0,233,23.0,24.4,0,2024.0,Georgia Tech,,
00-0036887,Luke Farrell,TE,JAX,89.0,77.0,258,26.0,27.9,3,2021.0,Ohio State,145.0,JAX
00-0039144,Luke Musgrave,TE,GB,88.0,78.0,252,23.0,25.0,1,2023.0,Oregon State,42.0,GB
00-0038547,Luke Schoonmaker,TE,DAL,86.0,77.0,250,25.0,26.9,1,2023.0,Michigan,58.0,DAL
00-0024243,Marcedes Lewis,TE,CHI,84.0,78.0,267,40.0,41.3,18,2006.0,UCLA,28.0,JAX
00-0034753,Mark Andrews,TE,BAL,89.0,77.0,255,28.0,30.0,6,2018.0,Oklahoma,86.0,BAL
00-0039942,Mason Fairchild,TE,NO,82.0,76.0,260,23.0,24.0,0,2024.0,Kansas,,
00-0039702,Mason Pline,TE,SF,89.0,79.0,260,24.0,25.6,0,2024.0,Furman,,
00-0035436,Matt Sokol,TE,PIT,85.0,77.0,260,28.0,29.8,5,2019.0,Michigan State,,
00-0039263,McCallan Castles,TE,LAC,46.0,76.0,252,24.0,25.7,0,2024.0,Tennessee,,
00-0039275,Messiah Swinson,TE,GB,48.0,80.0,260,24.0,25.4,0,2024.0,Arizona State,,
00-0038864,Michael Ezeike,TE,SEA,47.0,77.0,252,23.0,25.0,1,2023.0,UCLA,,
00-0037022,Michael Jacobson,TE,NO,86.0,79.0,240,27.0,28.4,3,2021.0,Iowa State,,
00-0039066,Michael Mayer,TE,LV,87.0,76.0,265,23.0,24.2,1,2023.0,Notre Dame,35.0,LV
00-0034829,Mike Gesicki,TE,CIN,88.0,78.0,252,28.0,29.9,6,2018.0,Penn State,42.0,MIA
00-0039254,Mike Rigerman,TE,BAL,35.0,74.0,260,23.0,24.2,0,2024.0,Findlay,,
00-0036692,Miller Forristall,TE,LA,82.0,77.0,244,26.0,27.5,3,2021.0,Alabama,,
00-0035771,Mitchell Wilcox,TE,NE,86.0,76.0,245,27.0,28.8,4,2020.0,South Florida,,
00-0033217,Mo Alie-Cox,TE,IND,81.0,77.0,267,30.0,32.0,7,2017.0,Virginia Commonwealth,,
00-0031585,MyCole Pruitt,TE,PIT,81.0,74.0,243,32.0,33.4,9,2015.0,Southern Illinois,143.0,MIN
00-0035624,N'Keal Harry,TE,SEA,13.0,76.0,225,26.0,27.7,5,2019.0,Arizona State,32.0,NE
00-0038783,Nate Adkins,TE,DEN,45.0,75.0,252,25.0,26.1,1,2023.0,South Carolina,,
00-0039782,Neal Johnson,TE,NYJ,41.0,76.0,250,23.0,24.1,0,2024.0,Louisiana-Lafayette,,
00-0037317,Nick Muse,TE,PHI,34.0,77.0,250,25.0,26.8,2,2022.0,South Carolina,227.0,MIN
00-0032394,Nick Vannett,TE,TEN,84.0,78.0,261,31.0,32.5,8,2016.0,Ohio State,94.0,SEA
00-0037031,Nikola Kalinic,TE,LA,83.0,76.0,245,27.0,28.6,2,2022.0,"York, Can.",,
00-0035644,Noah Fant,TE,SEA,87.0,76.0,249,26.0,27.8,5,2019.0,Iowa,20.0,DEN
00-0036637,Noah Gray,TE,KC,83.0,75.0,240,25.0,26.3,3,2021.0,Duke,162.0,KC
00-0035572,Parker Hesse,TE,DET,43.0,75.0,261,29.0,30.3,5,2019.0,Iowa,,
00-0036894,Pat Freiermuth,TE,PIT,88.0,77.0,258,25.0,26.9,3,2021.0,Penn State,55.0,PIT
00-0039231,Patrick Murtagh,TE,JAX,88.0,78.0,220,24.0,25.6,0,2024.0,No College,,
00-0039050,Payne Durham,TE,TB,87.0,77.0,255,24.0,25.2,1,2023.0,Purdue,171.0,TB
00-0037569,Peyton Hendershot,TE,KC,88.0,76.0,245,25.0,26.4,2,2022.0,Indiana,,
00-0033439,Pharaoh Brown,TE,SEA,86.0,77.0,258,30.0,31.3,7,2017.0,Oregon,,
00-0038735,Princeton Fant,TE,DAL,85.0,74.0,240,25.0,26.5,1,2023.0,Tennessee,,
00-0036590,Quintin Morris,TE,BUF,85.0,74.0,251,25.0,26.6,3,2021.0,Bowling Green,,
00-0039256,Riley Sharp,TE,BAL,84.0,78.0,248,26.0,27.8,0,2024.0,Oregon State,,
00-0033757,Robert Tonyan,TE,KC,85.0,77.0,237,30.0,31.3,7,2017.0,Indiana State,,
00-0037451,Rod Williams,TE,PIT,87.0,76.0,235,24.0,25.4,2,2022.0,Tennessee-Martin,,
00-0034073,Ross Dwelley,TE,ATL,85.0,77.0,240,29.0,30.6,6,2018.0,San Diego,,
00-0036753,Sage Surratt,TE,ARI,47.0,75.0,215,26.0,27.4,3,2021.0,Wake Forest,,
00-0037015,Sal Cannella,TE,TB,49.0,77.0,228,27.0,28.7,3,2021.0,Auburn,,
00-0039065,Sam LaPorta,TE,DET,87.0,75.0,249,23.0,24.6,1,2023.0,Iowa,34.0,DET
00-0036474,Sammis Reyes,TE,MIN,35.0,79.0,264,28.0,29.9,3,2021.0,Tulane,,
00-0035769,Scotty Washington,TE,BAL,85.0,77.0,225,28.0,29.1,4,2020.0,Wake Forest,,
00-0036032,Sean McKeon,TE,IND,49.0,77.0,246,26.0,27.7,4,2020.0,Michigan,,
00-0036534,Shane Zylstra,TE,DET,84.0,76.0,215,27.0,28.8,3,2021.0,Minn. State-Mankato,,
00-0039550,Shawn Bowman,TE,JAX,49.0,76.0,265,24.0,25.3,0,2024.0,Rutgers,,
00-0035039,Stephen Carlson,TE,CHI,88.0,76.0,240,27.0,28.7,5,2019.0,Princeton,,
00-0036438,Stephen Sullivan,TE,CAR,85.0,77.0,242,27.0,28.8,4,2020.0,Louisiana State,251.0,SEA
00-0039654,Steven Stilianos,TE,TEN,86.0,77.0,264,24.0,25.5,0,2024.0,Iowa,,
00-0037475,Stone Smartt,TE,LAC,84.0,76.0,232,25.0,26.9,2,2022.0,Old Dominion,,
00-0035229,T.J. Hockenson,TE,MIN,87.0,77.0,248,27.0,28.2,5,2019.0,Iowa,8.0,DET
00-0034613,Tanner Hudson,TE,CIN,87.0,77.0,239,29.0,30.8,6,2018.0,Southern Arkansas,,
00-0039399,Tanner McLachlan,TE,CIN,84.0,77.0,245,25.0,26.5,0,2024.0,Arizona,194.0,CIN
00-0038828,Tanner Taula,TE,TB,84.0,78.0,255,25.0,26.7,1,2023.0,Illinois State,,
00-0033357,Taysom Hill,TE,NO,7.0,74.0,221,34.0,35.0,7,2017.0,Brigham Young,,
00-0037277,Teagan Quitoriano,TE,HOU,85.0,78.0,259,24.0,25.5,2,2022.0,Oregon State,170.0,HOU
00-0039847,Theo Johnson,TE,NYG,84.0,78.0,260,23.0,24.5,0,2024.0,Penn State,107.0,NYG
00-0038145,Thomas Odukoya,TE,TEN,89.0,78.0,260,27.0,28.3,2,2022.0,Eastern Michigan,,
00-0039936,Thomas Yassmin,TE,DEN,86.0,77.0,251,24.0,25.9,0,2024.0,Utah,,
00-0039737,Tip Reiman,TE,ARI,87.0,76.0,270,22.0,24.0,0,2024.0,Illinois,82.0,ARI
00-0036173,Tommy Hudson,TE,NO,89.0,77.0,255,27.0,28.5,4,2020.0,Arizona State,,
00-0035308,Tommy Sweeney,TE,CHI,87.0,77.0,251,29.0,30.2,5,2019.0,Boston College,228.0,BUF
00-0037005,Tommy Tremble,TE,CAR,82.0,76.0,248,24.0,25.2,3,2021.0,Notre Dame,83.0,CAR
00-0030506,Travis Kelce,TE,KC,87.0,77.0,260,34.0,35.9,11,2013.0,Cincinnati,63.0,KC
00-0038456,Travis Vokolek,TE,ARI,81.0,78.0,260,26.0,27.2,1,2023.0,Nebraska,,
00-0037011,Tre' McKitty,TE,CLE,83.0,76.0,245,25.0,26.6,3,2021.0,Georgia,97.0,LAC
00-0035259,Trevon Wesco,TE,LV,88.0,75.0,267,28.0,30.0,5,2019.0,West Virginia,121.0,NYJ
00-0039711,Trey Knox,TE,MIN,41.0,77.0,240,23.0,24.0,0,2024.0,South Carolina,,
00-0037744,Trey McBride,TE,ARI,85.0,76.0,245,24.0,25.8,2,2022.0,Colorado State,55.0,ARI
00-0039518,Treyton Welch,TE,NO,82.0,75.0,241,23.0,24.6,0,2024.0,Wyoming,,
00-0037654,Tucker Fisk,TE,LAC,42.0,76.0,285,25.0,26.6,2,2022.0,Stanford,,
00-0038996,Tucker Kraft,TE,GB,85.0,77.0,255,23.0,24.8,1,2023.0,South Dakota State,78.0,GB
00-0034270,Tyler Conklin,TE,NYJ,83.0,75.0,254,29.0,30.1,6,2018.0,Central Michigan,157.0,MIN
00-0036250,Tyler Davis,TE,GB,84.0,76.0,250,27.0,28.4,4,2020.0,Georgia Tech,206.0,JAX
00-0033110,Tyler Higbee,TE,LA,89.0,78.0,257,31.0,32.7,8,2016.0,Western Kentucky,110.0,LA
00-0036059,Tyler Mabry,TE,SEA,85.0,75.0,248,27.0,28.8,4,2020.0,Maryland,,
00-0035356,Tyree Jackson,TE,WAS,83.0,79.0,249,26.0,27.8,5,2019.0,Buffalo,,
00-0034159,Will Dissly,TE,LAC,81.0,76.0,267,28.0,29.1,6,2018.0,Washington,120.0,SEA
00-0038394,Will Mallory,TE,IND,86.0,76.0,245,25.0,26.2,1,2023.0,Miami,162.0,IND
00-0036640,Zach Davidson,TE,BUF,84.0,79.0,245,26.0,27.1,3,2021.0,Central Missouri,168.0,MIN
00-0030061,Zach Ertz,TE,WAS,86.0,77.0,250,33.0,34.8,11,2013.0,Stanford,35.0,PHI
00-0035222,Zach Gentry,TE,LV,88.0,80.0,265,27.0,29.0,5,2019.0,Michigan,141.0,PIT
00-0039661,Zach Heins,TE,LAC,49.0,79.0,260,24.0,25.4,0,2024.0,South Dakota State,,
00-0038406,Zack Kuntz,TE,NYJ,81.0,80.0,251,25.0,26.2,1,2023.0,Old Dominion,220.0,NYJ
00-0037340,Zaire Mitchell-Paden,TE,BAL,84.0,77.0,267,25.0,26.0,2,2022.0,Florida Atlantic,,
00-0035676,A.J. Brown,WR,PHI,11.0,73.0,226,27.0,28.2,5,2019.0,Mississippi,51.0,TEN
00-0038612,A.T. Perry,WR,DEN,87.0,77.0,205,24.0,25.9,1,2023.0,Wake Forest,195.0,NO
00-0030035,Adam Thielen,WR,CAR,19.0,74.0,200,34.0,35.0,11,2013.0,Minn. State-Mankato,,
00-0039890,Adonai Mitchell,WR,IND,10.0,74.0,196,21.0,22.9,0,2024.0,Texas,52.0,IND
00-0039511,Ahmarean Brown,WR,BUF,87.0,69.0,167,23.0,24.7,0,2024.0,South Carolina,,
00-0039747,Ainias Smith,WR,PHI,82.0,69.0,190,23.0,24.3,0,2024.0,Texas A&amp;M,152.0,PHI
00-0037664,Alec Pierce,WR,IND,14.0,75.0,213,24.0,25.3,2,2022.0,Cincinnati,53.0,IND
00-0035602,Alex Bachman,WR,LV,81.0,72.0,190,28.0,29.3,5,2019.0,Wake Forest,,
00-0032543,Alex Erickson,WR,HOU,14.0,72.0,195,31.0,32.8,8,2016.0,Wisconsin,,
00-0034732,Alex McGough,WR,GB,2.0,75.0,214,28.0,29.8,6,2018.0,Florida International,220.0,SEA
00-0034521,Allen Lazard,WR,NYJ,10.0,77.0,227,28.0,29.7,6,2018.0,Iowa State,,
00-0031428,Allen Robinson,WR,DET,8.0,74.0,220,31.0,32.0,10,2014.0,Penn State,61.0,JAX
00-0031544,Amari Cooper,WR,BUF,18.0,73.0,211,30.0,31.2,9,2015.0,Alabama,4.0,OAK
00-0036963,Amon-Ra St. Brown,WR,DET,14.0,72.0,195,24.0,25.9,3,2021.0,Southern California,112.0,DET
00-0035876,Andre Baccellia,WR,ARI,82.0,70.0,175,27.0,28.6,4,2020.0,Washington,,
00-0038619,Andrei Iosivas,WR,CIN,80.0,75.0,200,24.0,25.9,1,2023.0,Princeton,206.0,CIN
00-0035527,Andy Isabella,WR,PIT,87.0,69.0,190,27.0,28.8,5,2019.0,Massachusetts,62.0,ARI
00-0039816,Anthony Gould,WR,IND,6.0,68.0,172,23.0,24.4,0,2024.0,Oregon State,142.0,IND
00-0034353,Anthony Miller,WR,BAL,6.0,71.0,199,29.0,30.9,6,2018.0,Memphis,51.0,CHI
00-0036999,Anthony Schwartz,WR,MIA,84.0,72.0,179,23.0,25.0,3,2021.0,Auburn,91.0,CLE
00-0038627,Antoine Green,WR,DET,18.0,74.0,200,24.0,25.8,1,2023.0,North Carolina,219.0,DET
00-0035021,Ashton Dulin,WR,IND,16.0,74.0,215,27.0,28.3,5,2019.0,Malone,,
00-0035869,Austin Mack,WR,ATL,81.0,74.0,215,27.0,28.0,4,2020.0,Ohio State,,
00-0036841,Austin Trammell,WR,JAX,86.0,70.0,185,26.0,27.2,3,2021.0,Rice,,
00-0036676,Austin Watkins Jr.,WR,PHI,41.0,75.0,210,26.0,27.5,3,2021.0,Alabama-Birmingham,,
00-0039504,Ayir Asante,WR,NYG,19.0,72.0,178,23.0,24.5,0,2024.0,Wyoming,,
00-0036862,Ben Skowronek,WR,PIT,15.0,75.0,220,27.0,28.2,3,2021.0,Notre Dame,249.0,LA
00-0037091,Bo Melton,WR,GB,80.0,71.0,195,25.0,26.3,2,2022.0,Rutgers,229.0,SEA
00-0031236,Brandin Cooks,WR,DAL,3.0,70.0,183,30.0,31.9,10,2014.0,Oregon State,20.0,NO
00-0036261,Brandon Aiyuk,WR,SF,11.0,72.0,206,26.0,27.5,4,2020.0,Arizona State,25.0,SF
00-0037382,Brandon Johnson,WR,PIT,89.0,74.0,186,26.0,27.1,2,2022.0,Central Florida,,
00-0034646,Brandon Powell,WR,MIN,4.0,68.0,189,28.0,30.0,6,2018.0,Florida,,
00-0036775,Brandon Smith,WR,NYJ,87.0,73.0,215,25.0,26.7,3,2021.0,Iowa,,
00-0034419,Braxton Berrios,WR,MIA,0.0,69.0,190,28.0,29.9,6,2018.0,Miami,210.0,NE
00-0037355,Braylon Sanders,WR,NE,80.0,73.0,185,25.0,26.6,2,2022.0,Mississippi,,
00-0039415,Brenden Rice,WR,LAC,82.0,75.0,210,22.0,23.5,0,2024.0,Southern California,225.0,LAC
00-0039553,Brevin Easton,WR,JAX,80.0,71.0,197,23.0,24.7,0,2024.0,"Albany, N.Y.",,
00-0039893,Brian Thomas Jr.,WR,JAX,7.0,74.0,205,21.0,22.9,0,2024.0,Louisiana State,23.0,JAX
00-0037132,Britain Covey,WR,PHI,18.0,68.0,170,27.0,28.5,2,2022.0,Utah,,
00-0038680,Bryan Thompson,WR,BUF,89.0,75.0,200,25.0,26.4,1,2023.0,Arizona State,,
00-0038477,Bryce Ford-Wheaton,WR,NYG,88.0,75.0,224,24.0,25.5,1,2023.0,West Virginia,,
00-0039650,Bryce Oliver,WR,TEN,80.0,73.0,215,24.0,25.3,0,2024.0,Youngstown State,,
00-0038840,Brycen Tremayne,WR,WAS,89.0,76.0,212,24.0,25.8,1,2023.0,Stanford,,
00-0039386,Bub Means,WR,NO,16.0,74.0,215,23.0,24.6,0,2024.0,Pittsburgh,170.0,NO
00-0034297,Byron Pringle,WR,WAS,83.0,73.0,205,30.0,31.8,6,2018.0,Kansas State,,
00-0037837,Calvin Austin III,WR,PIT,19.0,69.0,162,25.0,26.4,2,2022.0,Memphis,138.0,PIT
00-0034837,Calvin Ridley,WR,TEN,0.0,73.0,190,29.0,30.7,6,2018.0,Alabama,26.0,ATL
00-0039525,Cam Johnson,WR,CAR,14.0,72.0,205,25.0,26.4,0,2024.0,Northwestern,,
00-0034104,Cam Sims,WR,CAR,87.0,77.0,214,28.0,29.7,6,2018.0,Alabama,,
00-0039394,Casey Washington,WR,ATL,82.0,72.0,200,23.0,24.5,0,2024.0,Illinois,187.0,ATL
00-0038979,Cedric Tillman,WR,CLE,19.0,75.0,215,24.0,25.4,1,2023.0,Tennessee,74.0,CLE
00-0034418,Cedrick Wilson Jr.,WR,NO,11.0,74.0,188,28.0,29.8,6,2018.0,Boise State,208.0,DAL
00-0036358,CeeDee Lamb,WR,DAL,88.0,74.0,189,25.0,26.4,4,2020.0,Oklahoma,17.0,DAL
00-0038805,Cephus Johnson III,WR,TB,28.0,77.0,220,24.0,25.9,1,2023.0,Southeastern Louisiana,,
00-0038576,Charlie Jones,WR,CIN,15.0,72.0,188,25.0,26.8,1,2023.0,Purdue,131.0,CIN
00-0036326,Chase Claypool,WR,BUF,14.0,76.0,227,26.0,27.2,4,2020.0,Notre Dame,49.0,PIT
00-0038651,Chase Cota,WR,NYG,38.0,76.0,209,24.0,25.8,1,2023.0,Oregon,,
00-0036463,Chris Blair,WR,ATL,19.0,74.0,200,26.0,27.9,4,2021.0,Alcorn State,,
00-0032128,Chris Conley,WR,SF,18.0,75.0,205,31.0,32.9,9,2015.0,Georgia,76.0,KC
00-0033921,Chris Godwin,WR,TB,14.0,73.0,209,28.0,29.5,7,2017.0,Penn State,84.0,TB
00-0032398,Chris Moore,WR,WAS,19.0,73.0,200,31.0,32.2,8,2016.0,Cincinnati,107.0,BAL
00-0037239,Chris Olave,WR,NO,12.0,72.0,185,24.0,25.2,2,2022.0,Ohio State,11.0,NO
00-0034775,Christian Kirk,WR,JAX,13.0,71.0,200,27.0,28.8,6,2018.0,Texas A&amp;M,47.0,ARI
00-0038124,Christian Watson,WR,GB,9.0,76.0,208,25.0,26.3,2,2022.0,North Dakota State,34.0,GB
00-0035164,Cody Thompson,WR,TB,83.0,74.0,205,28.0,29.6,5,2019.0,Toledo,,
00-0035891,Cody White,WR,SEA,82.0,75.0,210,25.0,26.8,4,2020.0,Michigan State,,
00-0039626,Cole Burgess,WR,CIN,17.0,73.0,200,24.0,25.6,0,2024.0,Cortland State,,
00-0036254,Collin Johnson,WR,CHI,80.0,78.0,215,26.0,27.9,4,2020.0,Texas,165.0,JAX
00-0038632,Colton Dowell,WR,TEN,14.0,75.0,215,25.0,26.4,1,2023.0,Tennessee-Martin,228.0,TEN
00-0033908,Cooper Kupp,WR,LA,10.0,74.0,208,31.0,32.2,7,2017.0,Eastern Washington,69.0,LA
00-0039522,Corey Crooms,WR,DAL,17.0,72.0,195,23.0,24.4,0,2024.0,Minnesota,,
00-0039437,Cornelius Johnson,WR,GB,83.0,75.0,208,23.0,24.8,0,2024.0,Michigan,253.0,LAC
00-0036647,Cornell Powell,WR,SEA,14.0,72.0,210,26.0,27.8,3,2021.0,Clemson,181.0,KC
00-0034348,Courtland Sutton,WR,DEN,14.0,76.0,216,28.0,29.9,6,2018.0,Southern Methodist,40.0,DEN
00-0033282,Curtis Samuel,WR,BUF,1.0,71.0,195,28.0,29.1,7,2017.0,Ohio State,40.0,CAR
00-0035045,D.J. Montgomery,WR,IND,2.0,73.0,201,27.0,28.8,5,2019.0,Austin Peay,,
00-0034777,DJ Chark,WR,LAC,9.0,75.0,198,27.0,28.9,6,2018.0,Louisiana State,61.0,JAX
00-0034827,DJ Moore,WR,CHI,2.0,72.0,215,27.0,28.4,6,2018.0,Maryland,24.0,CAR
00-0036527,DJ Turner,WR,LV,19.0,69.0,205,27.0,28.6,3,2021.0,Pittsburgh,,
00-0035640,DK Metcalf,WR,SEA,14.0,76.0,230,26.0,27.7,5,2019.0,Mississippi,64.0,SEA
00-0031868,Damiere Byrd,WR,BUF,89.0,69.0,180,31.0,32.6,9,2015.0,South Carolina,,
00-0035976,Dan Chisena,WR,CAR,88.0,75.0,202,27.0,28.5,4,2020.0,Penn State,,
00-0038702,Daniel Arias,WR,ARI,38.0,76.0,215,25.0,27.0,1,2023.0,Colorado,,
00-0037828,Danny Gray,WR,PHI,6.0,72.0,199,25.0,26.4,2,2022.0,Southern Methodist,105.0,SF
00-0034860,Dante Pettis,WR,NO,17.0,73.0,195,28.0,29.9,6,2018.0,Washington,44.0,SF
00-0037093,Dareke Young,WR,SEA,83.0,74.0,210,25.0,26.2,2,2022.0,Lenoir-Rhyne,233.0,SEA
00-0035535,Darius Slayton,WR,NYG,86.0,73.0,190,27.0,28.6,5,2019.0,Auburn,171.0,NYG
00-0036309,Darnell Mooney,WR,ATL,1.0,71.0,172,26.0,27.8,4,2020.0,Tulane,173.0,CHI
00-0034395,Daurice Fountain,WR,DET,12.0,74.0,210,28.0,29.7,6,2018.0,Northern Iowa,159.0,IND
00-0031381,Davante Adams,WR,NYJ,17.0,73.0,215,31.0,32.7,10,2014.0,Fresno State,53.0,GB
00-0037257,David Bell,WR,CLE,18.0,73.0,205,23.0,24.7,2,2022.0,Purdue,99.0,CLE
00-0038734,David Durden,WR,DAL,85.0,74.0,200,25.0,26.7,1,2023.0,West Florida,,
00-0033589,David Moore,WR,CAR,83.0,72.0,215,29.0,30.6,7,2017.0,East Central,226.0,SEA
00-0035359,David Sills,WR,DEN,13.0,75.0,210,29.0,30.3,5,2019.0,West Virginia,,
00-0039869,David Wallis,WR,NE,30.0,71.0,183,23.0,24.1,0,2024.0,Randolph-Macon,,
00-0039562,David White Jr.,WR,JAX,83.0,76.0,200,24.0,25.1,0,2024.0,Western Carolina,,
00-0035101,Davion Davis,WR,WAS,84.0,71.0,195,27.0,28.9,5,2019.0,Sam Houston State,,
00-0036671,Dax Milne,WR,CAR,12.0,73.0,190,25.0,26.2,3,2021.0,Brigham Young,258.0,WAS
00-0038147,Daylen Baldwin,WR,ARI,86.0,74.0,219,24.0,25.8,2,2022.0,Michigan,,
00-0039259,Dayton Wade,WR,BAL,82.0,69.0,175,23.0,25.0,0,2024.0,Mississippi,,
00-0031763,DeAndre Carter,WR,CHI,11.0,68.0,190,31.0,32.4,9,2015.0,Sacramento State,,
00-0030564,DeAndre Hopkins,WR,KC,8.0,73.0,212,32.0,33.2,11,2013.0,Clemson,27.0,HOU
00-0031547,DeVante Parker,WR,PHI,13.0,75.0,216,31.0,32.6,9,2015.0,Louisville,14.0,MIA
00-0036912,DeVonta Smith,WR,PHI,6.0,72.0,165,25.0,26.8,3,2021.0,Alabama,10.0,PHI
00-0036620,Dee Eskridge,WR,MIA,82.0,69.0,190,27.0,28.4,3,2021.0,Western Michigan,56.0,SEA
00-0039306,Dee Williams,WR,NYG,33.0,70.0,194,24.0,25.7,0,2024.0,Tennessee,,
00-0035719,Deebo Samuel Sr.,WR,SF,1.0,72.0,214,28.0,29.6,5,2019.0,South Carolina,36.0,SF
00-0032775,Demarcus Robinson,WR,LA,15.0,73.0,203,29.0,30.9,8,2016.0,Florida,126.0,KC
00-0038621,Demario Douglas,WR,NE,3.0,68.0,170,23.0,24.7,1,2023.0,Liberty,210.0,NE
00-0037570,Dennis Houston,WR,TB,89.0,73.0,205,25.0,26.4,2,2022.0,Western Illinois,,
00-0036255,Denzel Mims,WR,PIT,15.0,75.0,208,26.0,27.9,4,2020.0,Baylor,59.0,NYJ
00-0034406,Deon Cain,WR,BUF,15.0,74.0,202,28.0,29.1,6,2018.0,Clemson,185.0,IND
00-0034653,Deontay Burnett,WR,DAL,6.0,72.0,186,26.0,27.9,6,2018.0,Southern California,,
00-0035215,Deonte Harty,WR,BAL,3.0,66.0,170,26.0,27.7,5,2019.0,Assumption,,
00-0039891,Derek Slywka,WR,IND,13.0,75.0,215,23.0,24.6,0,2024.0,Ithaca,,
00-0038573,Derius Davis,WR,LAC,12.0,68.0,175,23.0,25.0,1,2023.0,Texas Christian,125.0,LAC
00-0039424,Devaughn Vele,WR,DEN,17.0,77.0,210,26.0,27.7,0,2024.0,Utah,235.0,DEN
00-0037487,Deven Thompkins,WR,CAR,13.0,68.0,155,24.0,25.7,2,2022.0,Utah State,,
00-0039928,Devin Carter,WR,CAR,36.0,75.0,216,,,0,2024.0,West Virginia,,
00-0036331,Devin Duvernay,WR,JAX,12.0,71.0,210,26.0,28.0,4,2020.0,Texas,92.0,BAL
00-0039792,Devontez Walker,WR,BAL,81.0,73.0,200,23.0,24.2,0,2024.0,North Carolina,113.0,BAL
00-0039708,Devron Harper,WR,MIN,,69.0,168,,,0,2024.0,Mercer,,
00-0036627,Dez Fitzpatrick,WR,LAC,82.0,74.0,202,26.0,27.7,3,2021.0,Louisville,109.0,TEN
00-0039330,Dimitri Stanley,WR,GB,19.0,72.0,200,24.0,25.9,0,2024.0,Iowa State,,
00-0035216,Diontae Johnson,WR,HOU,82.0,70.0,181,28.0,29.2,5,2019.0,Toledo,66.0,PIT
00-0036233,Donovan Peoples-Jones,WR,DET,19.0,74.0,208,25.0,26.5,4,2020.0,Michigan,187.0,CLE
00-0038393,Dontayvion Wicks,WR,GB,13.0,73.0,208,23.0,24.2,1,2023.0,Virginia,159.0,GB
00-0037238,Drake London,WR,ATL,5.0,76.0,210,23.0,24.1,2,2022.0,Southern California,8.0,ATL
00-0039773,Drake Stoops,WR,LA,6.0,70.0,189,25.0,26.2,0,2024.0,Oklahoma,,
00-0038472,Duece Watts,WR,PIT,85.0,74.0,200,24.0,25.7,1,2023.0,Tulane,,
00-0036626,Dyami Brown,WR,WAS,2.0,72.0,185,24.0,25.8,3,2021.0,North Carolina,82.0,WAS
00-0038953,Dylan Drummond,WR,ATL,81.0,72.0,186,24.0,25.6,1,2023.0,Eastern Michigan,,
00-0036080,Easop Winston,WR,NYJ,81.0,71.0,190,27.0,28.7,4,2020.0,Washington State,,
00-0038667,Elijah Cooks,WR,PHI,14.0,76.0,210,25.0,26.9,1,2023.0,San Jose State,,
00-0036980,Elijah Moore,WR,CLE,8.0,70.0,184,24.0,25.4,3,2021.0,Mississippi,34.0,NYJ
00-0034279,Equanimeous St. Brown,WR,NO,13.0,77.0,214,27.0,28.9,6,2018.0,Notre Dame,207.0,GB
00-0038092,Erik Ezukanma,WR,MIA,84.0,74.0,220,24.0,25.6,2,2022.0,Texas Tech,125.0,MIA
00-0037394,Ethan Fernea,WR,IND,13.0,72.0,190,26.0,27.5,2,2022.0,UCLA,,
00-0036247,Freddie Swain,WR,CHI,87.0,72.0,199,26.0,27.1,4,2020.0,Florida,214.0,SEA
00-0036196,Gabe Davis,WR,JAX,0.0,74.0,213,25.0,26.5,4,2020.0,Central Florida,128.0,BUF
00-0037740,Garrett Wilson,WR,NYJ,5.0,72.0,192,24.0,25.1,2,2022.0,Ohio State,10.0,NYJ
00-0037247,George Pickens,WR,PIT,14.0,75.0,200,23.0,24.5,2,2022.0,Georgia,52.0,PIT
00-0038507,Grant DuBose,WR,MIA,88.0,74.0,200,23.0,24.2,1,2023.0,North Carolina-Charlotte,256.0,GB
00-0035500,Greg Dortch,WR,ARI,4.0,67.0,173,26.0,27.3,5,2019.0,Wake Forest,,
00-0038760,Griffin Hebert,WR,PHI,48.0,73.0,229,25.0,26.4,1,2023.0,Louisiana Tech,,
00-0035645,Gunner Olszewski,WR,NYG,80.0,72.0,190,27.0,28.8,5,2019.0,Bemidji State,,
00-0035529,Hakeem Butler,WR,CIN,82.0,77.0,227,28.0,29.3,5,2019.0,Iowa State,103.0,ARI
00-0039785,Hamze El-Zayat,WR,NYJ,,69.0,177,,,0,2024.0,Eastern Michigan,,
00-0039298,Hayden Hatten,WR,SEA,84.0,74.0,205,24.0,25.1,0,2024.0,Idaho,,
00-0036635,Ihmir Smith-Marsette,WR,NYG,87.0,73.0,179,25.0,26.0,3,2021.0,Iowa,157.0,MIN
00-0037156,Irvin Charles,WR,NYJ,19.0,76.0,219,27.0,28.4,2,2022.0,"Indiana, Pa.",,
00-0036165,Isaiah Hodgins,WR,NYG,18.0,75.0,209,25.0,26.9,4,2020.0,Oregon State,207.0,BUF
00-0033466,Isaiah McKenzie,WR,MIA,3.0,68.0,173,29.0,30.4,7,2017.0,Georgia,172.0,DEN
00-0039261,Isaiah Washington,WR,BAL,86.0,75.0,210,23.0,24.3,0,2024.0,Rutgers,,
00-0039451,Isaiah Williams,WR,CIN,18.0,70.0,185,23.0,24.6,0,2024.0,Illinois,,
00-0038883,Isaiah Winstead,WR,NYJ,31.0,76.0,213,25.0,26.1,1,2023.0,East Carolina,,
00-0039730,Isaiah Wooden,WR,LAC,83.0,68.0,156,24.0,25.6,0,2024.0,Southern Utah,,
00-0038954,Izaiah Gathings,WR,PIT,89.0,76.0,222,23.0,25.0,1,2023.0,Middle Tennessee,,
00-0039781,JJ Laap,WR,LA,81.0,73.0,190,23.0,24.6,0,2024.0,Cortland State,,
00-0039907,Ja'Lynn Polk,WR,NE,1.0,73.0,204,23.0,24.4,0,2024.0,Washington,37.0,NE
00-0036900,Ja'Marr Chase,WR,CIN,1.0,72.0,200,24.0,25.5,3,2021.0,Louisiana State,5.0,CIN
00-0039722,JaQuae Jackson,WR,NE,82.0,73.0,190,24.0,25.6,0,2024.0,Rutgers,,
00-0039336,Jaaron Hayek,WR,KC,89.0,73.0,200,23.0,24.2,0,2024.0,Villanova,,
00-0038843,Jacob Copeland,WR,PIT,89.0,72.0,203,25.0,26.1,1,2023.0,Maryland,,
00-0039365,Jacob Cowing,WR,SF,19.0,69.0,170,23.0,24.6,0,2024.0,Arizona,135.0,SF
00-0036918,Jacob Harris,WR,PHI,46.0,77.0,211,27.0,28.4,3,2021.0,Central Florida,141.0,LA
00-0039604,Jadon Janke,WR,MIA,82.0,75.0,210,24.0,25.8,0,2024.0,South Dakota State,,
00-0039659,Jaelen Gill,WR,CLE,40.0,72.0,188,24.0,25.8,0,2024.0,Fresno State,,
00-0036877,Jaelon Darden,WR,SEA,1.0,68.0,174,25.0,26.6,3,2021.0,North Texas,129.0,TB
00-0037741,Jahan Dotson,WR,PHI,83.0,71.0,182,24.0,25.4,2,2022.0,Penn State,16.0,WAS
00-0038752,Jake Bobo,WR,SEA,19.0,76.0,215,26.0,27.1,1,2023.0,UCLA,,
00-0032791,Jakeem Grant,WR,ATL,84.0,67.0,169,31.0,32.8,8,2016.0,Texas Tech,186.0,MIA
00-0034960,Jakobi Meyers,WR,LV,16.0,74.0,200,27.0,28.8,5,2019.0,North Carolina State,,
00-0038640,Jalen Brooks,WR,DAL,83.0,74.0,205,24.0,25.3,1,2023.0,South Carolina,244.0,DAL
00-0036858,Jalen Camp,WR,CLE,18.0,74.0,220,26.0,27.1,3,2021.0,Georgia Tech,209.0,JAX
00-0039491,Jalen Coker,WR,CAR,18.0,75.0,213,22.0,23.8,0,2024.0,Holy Cross,,
00-0035414,Jalen Guyton,WR,LV,4.0,73.0,212,27.0,28.2,5,2019.0,North Texas,,
00-0039855,Jalen McMillan,WR,TB,15.0,73.0,186,22.0,23.7,0,2024.0,Washington,92.0,TB
00-0038740,Jalen Moreno-Cropper,WR,DAL,16.0,71.0,172,23.0,24.3,1,2023.0,Fresno State,,
00-0037291,Jalen Nailor,WR,MIN,83.0,72.0,191,25.0,26.5,2,2022.0,Michigan State,191.0,MIN
00-0036387,Jalen Reagor,WR,LAC,89.0,71.0,195,25.0,26.7,4,2020.0,Texas Christian,21.0,PHI
00-0037666,Jalen Tolbert,WR,DAL,1.0,73.0,195,25.0,26.5,2,2022.0,South Alabama,88.0,DAL
00-0037387,Jalen Virgil,WR,BUF,89.0,73.0,210,26.0,27.1,2,2022.0,Appalachian State,,
00-0038681,Jalen Wayne,WR,GB,86.0,74.0,207,25.0,26.3,1,2023.0,South Alabama,,
00-0038938,Jalin Hyatt,WR,NYG,13.0,72.0,185,22.0,23.9,1,2023.0,Tennessee,73.0,NYG
00-0039439,Jalon Calhoun,WR,DET,80.0,71.0,189,23.0,24.7,0,2024.0,Duke,,
00-0033572,Jamal Agnew,WR,PIT,17.0,70.0,190,29.0,30.4,7,2017.0,San Diego,165.0,DET
00-0039379,Jamari Thrash,WR,CLE,80.0,72.0,185,23.0,24.7,0,2024.0,Louisville,156.0,CLE
00-0036133,James Proche,WR,CLE,11.0,71.0,193,27.0,28.9,4,2020.0,Southern Methodist,201.0,BAL
00-0037240,Jameson Williams,WR,DET,9.0,73.0,189,23.0,24.4,2,2022.0,Alabama,12.0,DET
00-0031941,Jamison Crowder,WR,WAS,80.0,69.0,177,31.0,32.2,9,2015.0,Duke,105.0,WAS
00-0038671,Jaray Jenkins,WR,PIT,82.0,74.0,200,24.0,25.7,1,2023.0,Louisiana State,,
00-0038728,Jared Wayne,WR,HOU,14.0,75.0,210,23.0,24.9,1,2023.0,Pittsburgh,,
00-0038492,Jason Brownlee,WR,KC,16.0,75.0,202,25.0,26.6,1,2023.0,Southern Mississippi,,
00-0036259,Jauan Jennings,WR,SF,15.0,75.0,214,27.0,28.1,4,2020.0,Tennessee,217.0,SF
00-0039853,Javon Baker,WR,NE,6.0,73.0,208,22.0,23.5,0,2024.0,Central Florida,110.0,NE
00-0039605,Jaxon Janke,WR,HOU,,75.0,210,,,0,2024.0,South Dakota State,,
00-0038543,Jaxon Smith-Njigba,WR,SEA,11.0,72.0,198,22.0,23.5,1,2023.0,Ohio State,20.0,SEA
00-0039146,Jayden Reed,WR,GB,11.0,71.0,190,24.0,25.3,1,2023.0,Michigan State,50.0,GB
00-0039664,Jaylen Johnson,WR,LAC,39.0,74.0,194,24.0,25.3,0,2024.0,East Carolina,,
00-0036613,Jaylen Waddle,WR,MIA,17.0,70.0,182,25.0,26.8,3,2021.0,Alabama,6.0,MIA
00-0039479,Je'Quan Burton,WR,MIA,42.0,70.0,187,24.0,25.5,0,2024.0,Florida Atlantic,,
00-0039536,Jeff Foreman,WR,LV,80.0,72.0,186,24.0,25.7,0,2024.0,Arkansas State,,
00-0035510,Jeff Smith,WR,ARI,86.0,73.0,195,27.0,28.4,5,2019.0,Boston College,,
00-0039810,Jermaine Burton,WR,CIN,81.0,72.0,200,23.0,24.2,0,2024.0,Alabama,80.0,CIN
00-0039614,Jermaine Jackson,WR,NO,80.0,67.0,170,24.0,25.2,0,2024.0,Idaho,,
00-0036407,Jerry Jeudy,WR,CLE,3.0,73.0,192,25.0,26.4,4,2020.0,Alabama,15.0,DEN
00-0039710,Jeshaun Jones,WR,MIN,82.0,73.0,185,24.0,25.7,0,2024.0,Maryland,,
00-0038726,Jesse Matthews,WR,ATL,86.0,72.0,190,25.0,26.1,1,2023.0,San Diego State,,
00-0039392,Jha'Quan Jackson,WR,TEN,19.0,69.0,185,24.0,25.3,0,2024.0,Tulane,182.0,TEN
00-0039760,John Jackson,WR,CHI,82.0,73.0,215,25.0,26.0,0,2024.0,Nevada,,
00-0039505,John Jiles,WR,NE,83.0,75.0,205,24.0,25.1,0,2024.0,West Florida,,
00-0037614,John Metchie III,WR,HOU,8.0,72.0,195,24.0,25.1,2,2022.0,Alabama,44.0,HOU
00-0039456,John Rhys Plumlee,WR,SEA,17.0,72.0,200,23.0,24.7,0,2024.0,Central Florida,,
00-0033460,John Ross,WR,PHI,38.0,71.0,194,28.0,29.8,7,2017.0,Washington,9.0,CIN
00-0037460,Johnny Johnson III,WR,HOU,88.0,73.0,199,25.0,26.3,2,2022.0,Oregon,,
00-0039236,Johnny Wilson,WR,PHI,89.0,78.0,237,23.0,24.4,0,2024.0,Florida State,185.0,PHI
00-0039062,Jonathan Mingo,WR,DAL,81.0,74.0,225,23.0,24.4,1,2023.0,Mississippi,39.0,CAR
00-0037553,Jontre Kirklin,WR,SF,84.0,71.0,180,25.0,26.9,2,2022.0,Louisiana State,,
00-0038994,Jordan Addison,WR,MIN,3.0,71.0,175,22.0,23.6,1,2023.0,Southern California,23.0,MIN
00-0039751,Jordan Whittington,WR,LA,88.0,73.0,204,23.0,24.9,0,2024.0,Texas,213.0,LA
00-0038484,Joseph Ngata,WR,PHI,86.0,75.0,215,23.0,24.6,1,2023.0,Clemson,,
00-0039561,Joseph Scates,WR,JAX,84.0,74.0,210,24.0,25.5,0,2024.0,Memphis,,
00-0038149,Josh Ali,WR,ATL,80.0,72.0,193,25.0,26.5,2,2022.0,Kentucky,,
00-0038997,Josh Downs,WR,IND,1.0,69.0,175,23.0,24.1,1,2023.0,North Carolina,79.0,IND
00-0036988,Josh Palmer,WR,LAC,5.0,73.0,210,24.0,25.9,3,2021.0,Tennessee,77.0,LAC
00-0033943,Josh Reynolds,WR,JAX,87.0,75.0,196,29.0,30.5,7,2017.0,Texas A&amp;M,117.0,LA
00-0039552,Joshua Cephus,WR,JAX,80.0,75.0,185,23.0,24.5,0,2024.0,Texas-San Antonio,,
00-0033857,JuJu Smith-Schuster,WR,KC,9.0,73.0,215,27.0,28.8,7,2017.0,Southern California,62.0,PIT
00-0039329,Julian Hicks,WR,GB,81.0,74.0,201,24.0,25.9,0,2024.0,"Albany, N.Y.",,
00-0037508,Justin Hall,WR,MIN,49.0,69.0,190,25.0,26.6,2,2022.0,Ball State,,
00-0036322,Justin Jefferson,WR,MIN,18.0,73.0,192,25.0,26.2,4,2020.0,Louisiana State,22.0,MIN
00-0034386,Justin Watson,WR,KC,84.0,74.0,215,28.0,29.4,6,2018.0,Pennsylvania,144.0,TB
00-0037216,Justyn Ross,WR,KC,82.0,76.0,205,24.0,25.7,2,2022.0,Clemson,,
00-0035593,Juwann Winfree,WR,IND,9.0,73.0,215,27.0,29.0,5,2019.0,Colorado,187.0,DEN
00-0036345,K.J. Osborn,WR,WAS,13.0,72.0,200,27.0,28.2,4,2020.0,Miami,176.0,MIN
00-0036412,KJ Hamler,WR,BUF,19.0,69.0,176,25.0,26.2,4,2020.0,Penn State,46.0,DEN
00-0037801,KaVontae Turpin,WR,DAL,9.0,69.0,153,28.0,29.1,5,2022.0,Texas Christian,,
00-0036913,Kadarius Toney,WR,CLE,87.0,72.0,193,25.0,26.6,3,2021.0,Florida,20.0,NYG
00-0037380,Kaden Davis,WR,CLE,89.0,73.0,190,25.0,26.9,2,2022.0,Northwest Missouri State,,
00-0032464,Kalif Raymond,WR,DET,11.0,68.0,182,30.0,31.1,8,2016.0,Holy Cross,,
00-0039589,Kameron Johnson,WR,TB,19.0,70.0,170,22.0,23.5,0,2024.0,Barton College,,
00-0036939,Kawaan Baker,WR,NE,86.0,73.0,215,26.0,27.0,3,2021.0,South Alabama,255.0,NO
00-0038608,Kayshon Boutte,WR,NE,9.0,71.0,205,22.0,23.3,1,2023.0,Louisiana State,187.0,NE
00-0038969,Kearis Jackson,WR,NYG,5.0,71.0,200,24.0,25.7,1,2023.0,Georgia,,
00-0030279,Keenan Allen,WR,CHI,13.0,74.0,211,32.0,33.3,11,2013.0,California,76.0,SD
00-0034317,Keith Kirkwood,WR,BAL,87.0,75.0,210,29.0,30.7,6,2018.0,Temple,,
00-0035297,Kelvin Harmon,WR,DAL,84.0,74.0,213,27.0,28.7,5,2019.0,North Carolina State,206.0,WAS
00-0037422,Kendric Pryor,WR,CIN,19.0,71.0,189,26.0,27.7,2,2022.0,Wisconsin,,
00-0033307,Kendrick Bourne,WR,NE,84.0,73.0,203,29.0,30.1,7,2017.0,Eastern Washington,,
00-0039901,Keon Coleman,WR,BUF,0.0,76.0,215,21.0,22.3,0,2024.0,Florida State,33.0,BUF
00-0037231,Kevin Austin Jr.,WR,NO,81.0,74.0,215,24.0,25.4,2,2022.0,Notre Dame,,
00-0034854,KhaDarel Hodge,WR,ATL,12.0,74.0,205,29.0,30.7,6,2018.0,Prairie View,,
00-0037261,Khalil Shakir,WR,BUF,10.0,72.0,190,24.0,25.6,2,2022.0,Boise State,148.0,BUF
00-0036183,Kristian Wilkerson,WR,LV,83.0,73.0,214,27.0,28.6,4,2020.0,Southeast Missouri,,
00-0037420,Kwamie Lassiter II,WR,CIN,18.0,72.0,175,26.0,27.6,2,2022.0,Kansas,,
00-0037273,Kyle Philips,WR,PHI,18.0,71.0,191,25.0,26.2,2,2022.0,UCLA,163.0,TEN
00-0039621,Kyle Sheets,WR,KC,29.0,76.0,220,23.0,24.9,0,2024.0,Slippery Rock,,
00-0037172,Kyric McGowan,WR,MIA,87.0,70.0,200,24.0,25.8,2,2022.0,Georgia Tech,,
00-0039915,Ladd McConkey,WR,LAC,15.0,72.0,185,22.0,23.8,0,2024.0,Georgia,34.0,LAC
00-0037055,Lance McCutcheon,WR,PIT,82.0,75.0,200,25.0,26.5,2,2022.0,Montana State,,
00-0032951,Laquon Treadwell,WR,IND,17.0,74.0,215,29.0,30.2,8,2016.0,Mississippi,23.0,MIN
00-0039591,Latreal Jones,WR,TB,85.0,73.0,195,25.0,26.6,0,2024.0,Southern Mississippi,,
00-0036268,Laviska Shenault Jr.,WR,LAC,86.0,73.0,220,25.0,26.9,4,2020.0,Colorado,42.0,JAX
00-0039474,Lawrence Keys,WR,BUF,82.0,71.0,170,24.0,25.7,0,2024.0,Tulane,,
00-0039665,Leon Johnson,WR,LAC,35.0,77.0,207,23.0,24.2,0,2024.0,Oklahoma State,,
00-0039541,Lideatrick Griffin,WR,CLE,83.0,70.0,180,23.0,24.6,0,2024.0,Mississippi State,,
00-0035406,Lil'Jordan Humphrey,WR,DEN,84.0,76.0,225,26.0,27.4,5,2019.0,Texas,,
00-0038181,Lucky Jackson,WR,MIN,81.0,72.0,185,27.0,28.1,4,2023.0,Western Kentucky,,
00-0039355,Luke McCaffrey,WR,WAS,12.0,74.0,195,23.0,24.4,0,2024.0,Rice,100.0,WAS
00-0033555,Mack Hollins,WR,BUF,13.0,76.0,221,30.0,32.0,7,2017.0,North Carolina,118.0,PHI
00-0039920,Malachi Corley,WR,NYJ,14.0,71.0,210,22.0,23.4,0,2024.0,Western Kentucky,65.0,NYJ
00-0038911,Malik Cunningham,WR,BAL,12.0,73.0,190,25.0,26.9,1,2023.0,Louisville,,
00-0038465,Malik Heath,WR,GB,18.0,74.0,215,24.0,25.4,1,2023.0,Mississippi,,
00-0038806,Malik Knowles,WR,GB,82.0,74.0,200,24.0,25.0,1,2023.0,Kansas State,,
00-0039337,Malik Nabers,WR,NYG,1.0,72.0,195,21.0,22.1,0,2024.0,Louisiana State,6.0,NYG
00-0035480,Malik Taylor,WR,NYJ,86.0,73.0,216,28.0,29.7,5,2019.0,Ferris State,,
00-0034867,Malik Turner,WR,SF,12.0,74.0,200,28.0,29.6,6,2018.0,Illinois,,
00-0039880,Malik Washington,WR,MIA,83.0,68.0,194,23.0,24.9,0,2024.0,Virginia,184.0,MIA
00-0039286,Marcus Riley,WR,NYJ,87.0,71.0,175,25.0,26.3,0,2024.0,Florida A&amp;M,,
00-0039683,Marcus Rosemy-Jacksaint,WR,PHI,43.0,75.0,195,22.0,23.6,0,2024.0,Georgia,,
00-0035701,Marcus Simms,WR,SEA,18.0,72.0,197,26.0,27.7,5,2019.0,West Virginia,,
00-0036219,Marquez Callaway,WR,TB,85.0,74.0,204,26.0,27.4,4,2020.0,Tennessee,,
00-0034272,Marquez Valdes-Scantling,WR,NO,10.0,76.0,207,29.0,30.9,6,2018.0,South Florida,174.0,GB
00-0035662,Marquise Brown,WR,KC,5.0,69.0,170,27.0,28.2,5,2019.0,Oklahoma,25.0,BAL
00-0031373,Martavis Bryant,WR,WAS,88.0,76.0,211,32.0,33.7,10,2014.0,Clemson,118.0,PIT
00-0039849,Marvin Harrison Jr.,WR,ARI,18.0,76.0,205,22.0,23.1,0,2024.0,Ohio State,4.0,ARI
00-0038976,Marvin Mims Jr.,WR,DEN,19.0,71.0,182,22.0,23.5,1,2023.0,Oklahoma,63.0,DEN
00-0036176,Mason Kinsey,WR,TEN,12.0,71.0,195,26.0,27.0,4,2020.0,Berry,,
00-0039623,Mason Tipton,WR,NO,84.0,71.0,187,23.0,24.9,0,2024.0,Yale,,
00-0036471,Mathew Sexton,WR,MIA,87.0,71.0,175,26.0,27.9,3,2021.0,Eastern Michigan,,
00-0038762,Matt Landers,WR,NE,14.0,76.0,197,25.0,26.2,1,2023.0,Arkansas,,
00-0037708,Maurice Alexander,WR,DET,1.0,71.0,180,27.0,28.6,4,2022.0,Florida International,,
00-0035140,Mecole Hardman,WR,KC,17.0,70.0,187,26.0,27.5,5,2019.0,Georgia,56.0,KC
00-0036959,Michael Bandy,WR,DEN,83.0,70.0,190,26.0,27.7,3,2021.0,San Diego,,
00-0034764,Michael Gallup,WR,LV,13.0,73.0,200,28.0,29.5,6,2018.0,Colorado State,81.0,DAL
00-0036252,Michael Pittman,WR,IND,11.0,76.0,220,26.0,27.9,4,2020.0,Southern California,34.0,IND
00-0038559,Michael Wilson,WR,ARI,14.0,74.0,209,24.0,25.5,1,2023.0,Stanford,94.0,ARI
00-0031408,Mike Evans,WR,TB,13.0,77.0,231,31.0,32.0,10,2014.0,Texas A&amp;M,7.0,TB
00-0037334,Mike Harley Jr.,WR,MIA,4.0,71.0,182,26.0,27.7,2,2022.0,Miami,,
00-0036482,Mike Strachan,WR,WAS,83.0,77.0,205,27.0,28.1,3,2021.0,"Charleston, W. Va.",229.0,IND
00-0033536,Mike Williams,WR,PIT,18.0,76.0,218,29.0,30.9,7,2017.0,Clemson,7.0,LAC
00-0037300,Mike Woods,WR,CLE,81.0,73.0,196,24.0,25.5,2,2022.0,Oklahoma,202.0,CLE
00-0035703,Miles Boykin,WR,SEA,81.0,76.0,220,27.0,28.9,5,2019.0,Notre Dame,93.0,BAL
00-0038839,Mitchell Tinsley,WR,WAS,84.0,73.0,205,24.0,26.0,1,2023.0,Penn State,,
00-0037272,Montrell Washington,WR,KC,80.0,70.0,170,25.0,26.5,2,2022.0,Samford,162.0,DEN
00-0031549,Nelson Agholor,WR,BAL,15.0,72.0,198,31.0,32.3,9,2015.0,Southern California,20.0,PHI
00-0036182,Nick Westbrook-Ikhine,WR,TEN,15.0,74.0,215,27.0,28.4,4,2020.0,Indiana,,
00-0036554,Nico Collins,WR,HOU,12.0,76.0,222,25.0,26.5,3,2021.0,Michigan,89.0,HOU
00-0038519,Nikko Remigio,WR,KC,81.0,69.0,185,24.0,25.8,1,2023.0,Fresno State,,
00-0033591,Noah Brown,WR,WAS,85.0,74.0,225,28.0,29.7,7,2017.0,Ohio State,239.0,DAL
00-0035621,Nsimba Webster,WR,CHI,83.0,70.0,180,28.0,29.6,5,2019.0,Eastern Washington,,
00-0039848,OJ Hiliare,WR,ATL,11.0,72.0,185,23.0,24.6,0,2024.0,Bowling Green,,
00-0031235,Odell Beckham Jr.,WR,MIA,3.0,71.0,198,31.0,32.8,10,2014.0,Louisiana State,12.0,NYG
00-0035208,Olamide Zaccheaus,WR,WAS,14.0,68.0,193,27.0,28.1,5,2019.0,Virginia,,
00-0038606,Parker Washington,WR,JAX,11.0,70.0,212,22.0,23.4,1,2023.0,Penn State,185.0,JAX
00-0035639,Parris Campbell,WR,PHI,80.0,73.0,205,27.0,28.1,5,2019.0,Ohio State,59.0,IND
00-0039462,Peter LeBlanc,WR,CHI,82.0,74.0,189,23.0,24.4,0,2024.0,Louisiana-Lafayette,,
00-0039314,Phillip Brooks,WR,KC,88.0,68.0,171,24.0,26.0,0,2024.0,Kansas State,,
00-0032208,Phillip Dorsett,WR,ATL,16.0,70.0,192,31.0,32.7,9,2015.0,Miami,29.0,IND
00-0039914,Praise Olatoke,WR,CAR,86.0,74.0,0,24.0,25.2,0,2024.0,Ohio State,,
00-0039075,Puka Nacua,WR,LA,17.0,74.0,205,23.0,24.3,1,2023.0,Brigham Young,177.0,LA
00-0039843,Qadir Ismail,WR,BAL,83.0,78.0,215,24.0,25.5,0,2024.0,Samford,,
00-0038544,Quentin Johnston,WR,LAC,1.0,76.0,201,22.0,24.0,1,2023.0,Texas Christian,21.0,LAC
00-0036271,Quez Watkins,WR,PIT,16.0,72.0,190,26.0,27.2,4,2020.0,Southern Mississippi,200.0,PHI
00-0036277,Quintez Cephus,WR,LA,2.0,73.0,205,26.0,27.4,4,2020.0,Wisconsin,166.0,DET
00-0036652,Racey McMath,WR,DAL,80.0,75.0,224,25.0,26.2,3,2021.0,Louisiana State,205.0,TEN
00-0038821,Rakim Jarrett,WR,TB,18.0,72.0,190,23.0,24.6,1,2023.0,Maryland,,
00-0037185,Raleigh Webb,WR,TB,17.0,74.0,215,26.0,27.7,2,2022.0,Citadel,,
00-0039543,Ramel Keyton,WR,LV,82.0,74.0,197,23.0,25.0,0,2024.0,Tennessee,,
00-0032977,Rashard Higgins,WR,CLE,17.0,73.0,198,29.0,30.9,8,2016.0,Colorado State,172.0,CLE
00-0039067,Rashee Rice,WR,KC,4.0,73.0,203,24.0,25.4,1,2023.0,Southern Methodist,55.0,KC
00-0037545,Rashid Shaheed,WR,NO,22.0,72.0,180,26.0,27.0,2,2022.0,Weber State,,
00-0036550,Rashod Bateman,WR,BAL,7.0,73.0,210,24.0,25.8,3,2021.0,Minnesota,27.0,BAL
00-0034407,Ray-Ray McCloud,WR,ATL,34.0,69.0,190,27.0,28.9,6,2018.0,Clemson,187.0,BUF
00-0039916,Ricky Pearsall,WR,SF,14.0,73.0,190,23.0,25.0,0,2024.0,Florida,31.0,SF
00-0034054,River Cracraft,WR,MIA,85.0,72.0,200,29.0,30.8,7,2017.0,Washington State,,
00-0032688,Robbie Chosen,WR,MIA,84.0,75.0,190,31.0,32.3,8,2016.0,Temple,,
00-0030431,Robert Woods,WR,HOU,2.0,72.0,193,32.0,33.4,11,2013.0,Southern California,41.0,BUF
00-0039739,Roman Wilson,WR,PIT,10.0,70.0,192,23.0,24.2,0,2024.0,Michigan,84.0,PIT
00-0039919,Rome Odunze,WR,CHI,15.0,75.0,215,22.0,23.4,0,2024.0,Washington,9.0,CHI
00-0037816,Romeo Doubs,WR,GB,87.0,74.0,200,24.0,25.4,2,2022.0,Nevada,132.0,GB
00-0036936,Rondale Moore,WR,ATL,14.0,67.0,180,24.0,25.2,3,2021.0,Purdue,49.0,ARI
00-0038647,Ronnie Bell,WR,SF,10.0,72.0,190,24.0,25.6,1,2023.0,Michigan,253.0,SF
00-0034411,Russell Gage,WR,SF,6.0,72.0,184,28.0,29.6,6,2018.0,Louisiana State,194.0,ATL
00-0039410,Ryan Flournoy,WR,DAL,80.0,73.0,197,24.0,25.8,0,2024.0,Southeast Missouri,216.0,DAL
00-0038824,Ryan Miller,WR,TB,81.0,74.0,209,24.0,25.5,1,2023.0,Furman,,
00-0039500,Sam Pinckney,WR,CAR,12.0,76.0,220,24.0,25.9,0,2024.0,Coastal Carolina,,
00-0039771,Sam Wiglusz,WR,LA,81.0,72.0,183,25.0,26.1,0,2024.0,Ohio,,
00-0037098,Samori Toure,WR,CHI,83.0,73.0,190,26.0,27.4,2,2022.0,Nebraska,258.0,GB
00-0037398,Samson Nacua,WR,NO,89.0,75.0,191,26.0,27.6,2,2022.0,Brigham Young,,
00-0035298,Scott Miller,WR,PIT,13.0,69.0,174,27.0,28.1,5,2019.0,Bowling Green,208.0,TB
00-0038455,Sean Ryan,WR,BAL,82.0,74.0,200,25.0,26.6,1,2023.0,Rutgers,,
00-0036657,Seth Williams,WR,DAL,13.0,75.0,211,24.0,25.4,3,2021.0,Auburn,219.0,DEN
00-0038902,Shaquan Davis,WR,PIT,80.0,77.0,180,24.0,25.6,1,2023.0,South Carolina State,,
00-0038891,Shedrick Jackson,WR,LV,12.0,73.0,202,24.0,25.9,1,2023.0,Auburn,,
00-0036646,Simi Fehoko,WR,LAC,87.0,76.0,227,26.0,27.8,3,2021.0,Stanford,179.0,DAL
00-0038090,Skyy Moore,WR,KC,24.0,70.0,195,23.0,25.0,2,2022.0,Western Michigan,54.0,KC
00-0035399,Stanley Morgan,WR,TEN,14.0,72.0,205,27.0,29.0,5,2019.0,Nebraska,,
00-0031588,Stefon Diggs,WR,HOU,1.0,72.0,191,30.0,31.8,9,2015.0,Maryland,146.0,MIN
00-0032385,Sterling Shepard,WR,TB,17.0,70.0,201,31.0,32.6,8,2016.0,Oklahoma,40.0,NYG
00-0034928,Steven Sims,WR,BAL,18.0,70.0,176,27.0,28.4,5,2019.0,Kansas,,
00-0038502,T.J. Luther,WR,CAR,15.0,71.0,180,24.0,25.3,1,2023.0,Gardner-Webb,,
00-0039884,Tahj Washington,WR,MIA,82.0,70.0,175,23.0,24.3,0,2024.0,Southern California,241.0,MIA
00-0038977,Tank Dell,WR,HOU,3.0,70.0,165,24.0,25.8,1,2023.0,Houston,69.0,HOU
00-0037348,Tanner Conner,WR,MIA,80.0,75.0,223,26.0,27.5,2,2022.0,Idaho State,,
00-0039592,Tanner Knue,WR,TB,80.0,71.0,178,24.0,25.8,0,2024.0,Eastern Michigan,,
00-0036491,Tarik Black,WR,MIA,86.0,75.0,217,26.0,27.6,3,2021.0,Texas,,
00-0037524,Tay Martin,WR,TEN,18.0,75.0,186,26.0,27.7,2,2022.0,Oklahoma State,,
00-0039255,Tayvion Robinson,WR,CAR,39.0,71.0,194,23.0,24.9,0,2024.0,Kentucky,,
00-0036410,Tee Higgins,WR,CIN,5.0,76.0,210,25.0,26.6,4,2020.0,Clemson,33.0,CIN
00-0039397,Tejhaun Palmer,WR,ARI,83.0,74.0,210,24.0,25.3,0,2024.0,Alabama-Birmingham,191.0,ARI
00-0039701,Terique Owens,WR,SF,84.0,75.0,200,24.0,25.9,0,2024.0,Missouri State,,
00-0036955,Terrace Marshall Jr.,WR,LV,80.0,74.0,200,24.0,25.2,3,2021.0,Louisiana State,59.0,CAR
00-0038860,Terrell Bynum,WR,LV,34.0,73.0,190,26.0,27.1,1,2023.0,Southern California,,
00-0035659,Terry McLaurin,WR,WAS,17.0,72.0,210,28.0,30.0,5,2019.0,Ohio State,76.0,WAS
00-0038810,Thayer Thomas,WR,MIN,89.0,72.0,195,26.0,27.3,1,2023.0,North Carolina State,,
00-0036497,Tim Jones,WR,JAX,15.0,73.0,202,26.0,27.3,3,2021.0,Southern Mississippi,,
00-0033375,Tim Patrick,WR,DET,17.0,76.0,212,30.0,31.8,7,2017.0,Utah,,
00-0035544,Tom Kennedy,WR,DET,85.0,70.0,194,28.0,29.1,5,2019.0,Bryant,,
00-0039636,Tre Mosley,WR,CIN,86.0,74.0,200,22.0,23.9,0,2024.0,Michigan State,,
00-0038563,Tre Tucker,WR,LV,11.0,69.0,185,23.0,24.5,1,2023.0,Cincinnati,100.0,LV
00-0034765,Tre'Quan Smith,WR,DET,10.0,74.0,210,28.0,29.7,6,2018.0,Central Florida,91.0,NO
00-0038844,Tre'Shaun Harrison,WR,TEN,82.0,73.0,191,24.0,25.2,1,2023.0,Oregon State,,
00-0034487,Trent Sherfield,WR,MIN,11.0,73.0,219,28.0,29.5,6,2018.0,Vanderbilt,,
00-0033292,Trent Taylor,WR,SF,81.0,68.0,181,30.0,31.3,7,2017.0,Louisiana Tech,177.0,SF
00-0035341,Trenton Irwin,WR,CAR,11.0,74.0,207,28.0,29.7,5,2019.0,Stanford,,
00-0039052,Trey Palmer,WR,TB,10.0,73.0,190,23.0,24.4,1,2023.0,Nebraska,191.0,TB
00-0037742,Treylon Burks,WR,TEN,16.0,74.0,225,24.0,25.4,2,2022.0,Arkansas,18.0,TEN
00-0035934,Trishton Jackson,WR,MIN,8.0,73.0,191,26.0,27.5,4,2020.0,Syracuse,,
00-0039868,Troy Franklin,WR,DEN,16.0,75.0,187,21.0,22.6,0,2024.0,Oregon,102.0,DEN
00-0036849,Tutu Atwell,WR,LA,5.0,69.0,153,24.0,25.9,3,2021.0,Louisville,57.0,LA
00-0039709,Ty James,WR,MIN,,74.0,200,23.0,24.4,0,2024.0,Mercer,,
00-0038520,Ty Scott,WR,SEA,0.0,75.0,202,25.0,26.4,1,2023.0,Missouri State,,
00-0036630,Tylan Wallace,WR,BAL,16.0,71.0,190,25.0,26.3,3,2021.0,Oklahoma State,131.0,BAL
00-0033009,Tyler Boyd,WR,TEN,83.0,74.0,203,29.0,30.8,8,2016.0,Pittsburgh,55.0,CIN
00-0039278,Tyler Harrell,WR,NYJ,84.0,72.0,200,24.0,25.1,0,2024.0,Miami,,
00-0036427,Tyler Johnson,WR,LA,18.0,73.0,205,26.0,27.0,4,2020.0,Minnesota,161.0,TB
00-0032211,Tyler Lockett,WR,SEA,16.0,70.0,182,31.0,32.9,9,2015.0,Kansas State,69.0,SEA
00-0038941,Tyler Scott,WR,CHI,10.0,71.0,185,22.0,23.9,1,2023.0,Cincinnati,133.0,CHI
00-0038104,Tyquan Thornton,WR,KC,11.0,74.0,180,24.0,25.1,2,2022.0,Baylor,50.0,NE
00-0033040,Tyreek Hill,WR,MIA,10.0,70.0,185,30.0,31.5,8,2016.0,West Alabama,165.0,KC
00-0038679,Tyrell Shavers,WR,BUF,80.0,76.0,210,25.0,26.0,1,2023.0,San Diego State,,
00-0036439,Tyrie Cleveland,WR,IND,15.0,74.0,205,26.0,27.9,4,2020.0,Florida,252.0,DEN
00-0035457,Tyron Johnson,WR,DAL,13.0,73.0,193,28.0,29.6,5,2019.0,Oklahoma State,,
00-0036415,Van Jefferson,WR,PIT,11.0,73.0,197,28.0,29.1,4,2020.0,Florida,57.0,LA
00-0038117,Wan'Dale Robinson,WR,NYG,17.0,68.0,185,23.0,24.7,2,2022.0,Kentucky,43.0,NYG
00-0039560,Wayne Ruby,WR,JAX,83.0,73.0,190,,,0,2024.0,Mount Union,,
00-0038496,Xavier Gipson,WR,NYJ,82.0,69.0,180,23.0,24.5,1,2023.0,Stephen F. Austin,,
00-0038618,Xavier Hutchinson,WR,HOU,19.0,75.0,210,24.0,25.3,1,2023.0,Iowa State,205.0,HOU
00-0039473,Xavier Johnson,WR,HOU,89.0,73.0,210,25.0,26.3,0,2024.0,Ohio State,,
00-0039342,Xavier Legette,WR,CAR,17.0,75.0,227,23.0,24.6,0,2024.0,South Carolina,32.0,CAR
00-0038359,Xavier Smith,WR,LA,19.0,69.0,170,26.0,27.9,1,2023.0,Florida A&amp;M,,
00-0039521,Xavier Weaver,WR,ARI,89.0,73.0,180,23.0,24.9,0,2024.0,Colorado,,
00-0039579,Xavier White,WR,IND,7.0,72.0,195,,,0,2024.0,Texas Tech,,
00-0039894,Xavier Worthy,WR,KC,1.0,71.0,172,21.0,22.3,0,2024.0,Texas,28.0,KC
00-0033251,Zach Pascal,WR,ARI,0.0,74.0,214,29.0,30.7,7,2017.0,Old Dominion,,
00-0039064,Zay Flowers,WR,BAL,4.0,69.0,172,23.0,25.0,1,2023.0,Boston College,22.0,BAL
00-0033891,Zay Jones,WR,ARI,17.0,74.0,200,29.0,30.4,7,2017.0,East Carolina,37.0,BUF
